{
  "meta_data": {
    "path_name": "2PieceCenterPart1",
    "sample_rate": 0.01
  },
  "commands": [
    
  ],
  "key_points": [
    {
      "index": 0,
      "delta_time": 0.0,
      "time": 0.0,
      "x": 1.35,
      "y": 4.8,
      "angle": -0.4188790204786391,
      "velocity_magnitude": 0,
      "velocity_theta": 0,
      "angular_velocity": 0
    },
    {
      "index": 1,
      "delta_time": 1.0,
      "time": 1.0,
      "x": 2.55,
      "y": 4.25,
      "angle": -0.4188790204786388,
      "velocity_magnitude": 0,
      "velocity_theta": 0,
      "angular_velocity": 0
    }
  ],
  "sampled_points": [
    [
      0,
      1.35,
      4.8,
      -0.4188790204786391
    ],
    [
      0.01,
      1.3500118207200003,
      4.79999458217,
      -0.4188790204786391
    ],
    [
      0.02,
      1.3500931430400003,
      4.79995730944,
      -0.4188790204786391
    ],
    [
      0.03,
      1.3503095949600004,
      4.79985810231,
      -0.4188790204786391
    ],
    [
      0.04,
      1.3507226572800004,
      4.7996687820799995,
      -0.4188790204786391
    ],
    [
      0.05,
      1.3513897500000005,
      4.7993630312499995,
      -0.4188790204786391
    ],
    [
      0.060000000000000005,
      1.3523643187200005,
      4.798916353919999,
      -0.4188790204786391
    ],
    [
      0.07,
      1.3536959210400006,
      4.79830603619,
      -0.4188790204786391
    ],
    [
      0.08,
      1.3554303129600005,
      4.79751110656,
      -0.4188790204786391
    ],
    [
      0.09,
      1.3576095352800006,
      4.7965122963299995,
      -0.4188790204786391
    ],
    [
      0.09999999999999999,
      1.3602720000000008,
      4.795292,
      -0.4188790204786391
    ],
    [
      0.10999999999999999,
      1.3634525767200008,
      4.793834235669999,
      -0.4188790204786391
    ],
    [
      0.11999999999999998,
      1.3671826790400008,
      4.79212460544,
      -0.4188790204786391
    ],
    [
      0.12999999999999998,
      1.371490350960001,
      4.7901502558099995,
      -0.4188790204786391
    ],
    [
      0.13999999999999999,
      1.3764003532800009,
      4.7878998380799995,
      -0.4188790204786391
    ],
    [
      0.15,
      1.3819342500000011,
      4.785363468749999,
      -0.4188790204786391
    ],
    [
      0.16,
      1.3881104947200011,
      4.782532689919999,
      -0.4188790204786391
    ],
    [
      0.17,
      1.3949445170400012,
      4.779400429689999,
      -0.4188790204786391
    ],
    [
      0.18000000000000002,
      1.4024488089600013,
      4.775960962559999,
      -0.4188790204786391
    ],
    [
      0.19000000000000003,
      1.4106330112800014,
      4.772209869829999,
      -0.4188790204786391
    ],
    [
      0.20000000000000004,
      1.4195040000000014,
      4.7681439999999995,
      -0.4188790204786391
    ],
    [
      0.21000000000000005,
      1.4290659727200015,
      4.763761429169999,
      -0.4188790204786391
    ],
    [
      0.22000000000000006,
      1.4393205350400016,
      4.759061421439999,
      -0.4188790204786391
    ],
    [
      0.23000000000000007,
      1.4502667869600017,
      4.754044389309999,
      -0.41887902047863906
    ],
    [
      0.24000000000000007,
      1.4619014092800018,
      4.748711854079999,
      -0.41887902047863906
    ],
    [
      0.25000000000000006,
      1.4742187500000017,
      4.743066406249999,
      -0.41887902047863906
    ],
    [
      0.26000000000000006,
      1.4872109107200018,
      4.737111665919999,
      -0.41887902047863906
    ],
    [
      0.2700000000000001,
      1.5008678330400018,
      4.730852243189999,
      -0.41887902047863906
    ],
    [
      0.2800000000000001,
      1.5151773849600019,
      4.724293698559999,
      -0.41887902047863906
    ],
    [
      0.2900000000000001,
      1.530125447280002,
      4.717442503329999,
      -0.41887902047863906
    ],
    [
      0.3000000000000001,
      1.5456960000000022,
      4.710305999999999,
      -0.41887902047863906
    ],
    [
      0.3100000000000001,
      1.5618712087200022,
      4.702892362669999,
      -0.41887902047863906
    ],
    [
      0.3200000000000001,
      1.5786315110400022,
      4.6952105574399985,
      -0.41887902047863906
    ],
    [
      0.3300000000000001,
      1.5959557029600024,
      4.687270302809999,
      -0.41887902047863906
    ],
    [
      0.34000000000000014,
      1.6138210252800025,
      4.679082030079998,
      -0.41887902047863906
    ],
    [
      0.35000000000000014,
      1.6322032500000025,
      4.670656843749999,
      -0.418879020478639
    ],
    [
      0.36000000000000015,
      1.6510767667200026,
      4.662006481919999,
      -0.418879020478639
    ],
    [
      0.37000000000000016,
      1.6704146690400026,
      4.653143276689999,
      -0.418879020478639
    ],
    [
      0.38000000000000017,
      1.6901888409600028,
      4.644080114559999,
      -0.418879020478639
    ],
    [
      0.3900000000000002,
      1.7103700432800029,
      4.634830396829998,
      -0.418879020478639
    ],
    [
      0.4000000000000002,
      1.730928000000003,
      4.625407999999998,
      -0.418879020478639
    ],
    [
      0.4100000000000002,
      1.751831484720003,
      4.615827236169999,
      -0.418879020478639
    ],
    [
      0.4200000000000002,
      1.773048407040003,
      4.606102813439998,
      -0.418879020478639
    ],
    [
      0.4300000000000002,
      1.7945458989600032,
      4.596249796309999,
      -0.418879020478639
    ],
    [
      0.4400000000000002,
      1.8162904012800032,
      4.586283566079998,
      -0.41887902047863895
    ],
    [
      0.45000000000000023,
      1.8382477500000034,
      4.576219781249998,
      -0.41887902047863895
    ],
    [
      0.46000000000000024,
      1.8603832627200034,
      4.566074337919998,
      -0.41887902047863895
    ],
    [
      0.47000000000000025,
      1.8826618250400036,
      4.5558633301899985,
      -0.41887902047863895
    ],
    [
      0.48000000000000026,
      1.9050479769600033,
      4.545603010559998,
      -0.41887902047863895
    ],
    [
      0.49000000000000027,
      1.9275059992800037,
      4.535309750329998,
      -0.41887902047863895
    ],
    [
      0.5000000000000002,
      1.9500000000000033,
      4.524999999999998,
      -0.41887902047863895
    ],
    [
      0.5100000000000002,
      1.9724940007200036,
      4.514690249669998,
      -0.41887902047863895
    ],
    [
      0.5200000000000002,
      1.9949520230400035,
      4.504396989439998,
      -0.4188790204786389
    ],
    [
      0.5300000000000002,
      2.017338174960004,
      4.494136669809998,
      -0.4188790204786389
    ],
    [
      0.5400000000000003,
      2.039616737280004,
      4.483925662079998,
      -0.4188790204786389
    ],
    [
      0.5500000000000003,
      2.061752250000004,
      4.473780218749998,
      -0.4188790204786389
    ],
    [
      0.5600000000000003,
      2.0837095987200036,
      4.4637164339199975,
      -0.4188790204786389
    ],
    [
      0.5700000000000003,
      2.105454101040004,
      4.453750203689998,
      -0.4188790204786389
    ],
    [
      0.5800000000000003,
      2.126951592960004,
      4.443897186559997,
      -0.4188790204786389
    ],
    [
      0.5900000000000003,
      2.1481685152800036,
      4.434172763829998,
      -0.4188790204786389
    ],
    [
      0.6000000000000003,
      2.169072000000004,
      4.424591999999997,
      -0.4188790204786389
    ],
    [
      0.6100000000000003,
      2.1896299567200037,
      4.415169603169997,
      -0.41887902047863884
    ],
    [
      0.6200000000000003,
      2.2098111590400045,
      4.405919885439998,
      -0.41887902047863884
    ],
    [
      0.6300000000000003,
      2.229585330960004,
      4.396856723309997,
      -0.41887902047863884
    ],
    [
      0.6400000000000003,
      2.248923233280004,
      4.387993518079997,
      -0.41887902047863884
    ],
    [
      0.6500000000000004,
