{
  "meta_data": {
    "path_name": "2PieceCenterPart1",
    "sample_rate": 0.01
  },
  "commands": [],
  "key_points": [
    {
      "index": 0,
      "delta_time": 0,
      "time": 0.0,
      "x": 15.229999999999999,
      "y": 5.000000000000003,
      "angle": 0.5968890561102411,
      "velocity_magnitude": 0,
      "velocity_theta": 0,
      "angular_velocity": 0
    },
    {
      "index": 1,
      "delta_time": 1.5,
      "time": 1.5,
      "x": 14.055,
      "y": 4.3100000000000005,
      "angle": 0.5934119456780721,
      "velocity_magnitude": 0,
      "velocity_theta": 0,
      "angular_velocity": 0
    }
  ],
  "sampled_points": [
    [
      0,
      15.229999999999999,
      5.000000000000003,
      0.5968890561102411
    ],
    [
      0.01,
      15.229996553240493,
      4.999997975945484,
      0.5968890459104425
    ],
    [
      0.02,
      15.229972702214319,
      4.999983969810966,
      0.5968889753294621
    ],
    [
      0.03,
      15.229908797439998,
      4.999946442752003,
      0.5968887862197111
    ],
    [
      0.04,
      15.229786002710123,
      4.999874333506373,
      0.596888422840276
    ],
    [
      0.05,
      15.229586283950615,
      4.999757051851854,
      0.5968878318239507
    ],
    [
      0.060000000000000005,
      15.229292398079998,
      4.999584472064003,
      0.5968869621442685
    ],
    [
      0.07,
      15.22888788186864,
      4.999346926373929,
      0.5968857650825335
    ],
    [
      0.08,
      15.228357040798024,
      4.999035198426077,
      0.5968841941948532
    ],
    [
      0.09,
      15.22768493792,
      4.998640516736002,
      0.5968822052791692
    ],
    [
      0.09999999999999999,
      15.226857382716048,
      4.99815454814815,
      0.5968797563422902
    ],
    [
      0.10999999999999999,
      15.225860919956542,
      4.9975693912936325,
      0.5968768075669231
    ],
    [
      0.11999999999999998,
      15.224682818559998,
      4.996877570048003,
      0.5968733212787052
    ],
    [
      0.12999999999999998,
      15.223311060452344,
      4.996072026989039,
      0.5968692619132357
    ],
    [
      0.13999999999999999,
      15.221734329426171,
      4.995146116854521,
      0.5968645959831083
    ],
    [
      0.15,
      15.219941999999998,
      4.994093600000003,
      0.5968592920449417
    ],
    [
      0.16,
      15.217924126277529,
      4.992908635856595,
      0.5968533206664131
    ],
    [
      0.17,
      15.215671430806912,
      4.991585776388743,
      0.5968466543932885
    ],
    [
      0.18000000000000002,
      15.213175293439999,
      4.990119959552002,
      0.5968392677164557
    ],
    [
      0.19000000000000003,
      15.210427740191603,
      4.988506502750817,
      0.5968311370389553
    ],
    [
      0.20000000000000004,
      15.207421432098764,
      4.986741096296299,
      0.5968222406430131
    ],
    [
      0.21000000000000005,
      15.204149654079998,
      4.984819796864002,
      0.5968125586570721
    ],
    [
      0.22000000000000006,
      15.200606303794567,
      4.982739020951707,
      0.5968020730228233
    ],
    [
      0.23000000000000007,
      15.196785880501727,
      4.980495538337188,
      0.5967907674622388
    ],
    [
      0.24000000000000007,
      15.192683473919999,
      4.978086465536003,
      0.5967786274446027
    ],
    [
      0.25000000000000006,
      15.188294753086419,
      4.975509259259262,
      0.5967656401535437
    ],
    [
      0.26000000000000006,
      15.183615955215801,
      4.97276170987141,
      0.5967517944540663
    ],
    [
      0.2700000000000001,
      15.178643874559999,
      4.969841934848002,
      0.5967370808595831
    ],
    [
      0.2800000000000001,
      15.17337585126716,
      4.966748372233484,
      0.5967214914989462
    ],
    [
      0.2900000000000001,
      15.167809760240987,
      4.963479774098966,
      0.5967050200834793
    ],
    [
      0.3000000000000001,
      15.161943999999998,
      4.960035200000003,
      0.5966876618740099
    ],
    [
      0.3100000000000001,
      15.15577748153679,
      4.956414010434373,
      0.5966694136479005
    ],
    [
      0.3200000000000001,
      15.149309617177282,
      4.952615860299854,
      0.5966502736660806
    ],
    [
      0.3300000000000001,
      15.14254030944,
      4.9486406923520025,
      0.596630241640079
    ],
    [
      0.34000000000000014,
      15.135469939895307,
      4.944488730661928,
      0.5966093186990551
    ],
    [
      0.35000000000000014,
      15.12809935802469,
      4.9401604740740765,
      0.5965875073568309
    ],
    [
      0.36000000000000015,
      15.120429870079999,
      4.935656689664002,
      0.5965648114789228
    ],
    [
      0.37000000000000016,
      15.112463227942715,
      4.930978406196151,
      0.596541236249574
    ],
    [
      0.38000000000000017,
      15.10420161798321,
      4.926126907581632,
      0.5965167881387853
    ],
    [
      0.3900000000000002,
      15.095647649919998,
      4.9211037263360025,
      0.5964914748693478
    ],
    [
      0.4000000000000002,
      15.086804345679012,
      4.915910637037039,
      0.5964653053838745
    ],
    [
      0.4100000000000002,
      15.077675128252839,
      4.910549649782521,
      0.5964382898118319
    ],
    [
      0.4200000000000002,
      15.06826381056,
      4.905023003648003,
      0.5964104394365721
    ],
    [
      0.4300000000000002,
      15.058574584304196,
      4.899333160144595,
      0.5963817666623648
    ],
    [
      0.4400000000000002,
      15.04861200883358,
      4.893482796676743,
      0.5963522849814284
    ],
    [
      0.45000000000000023,
      15.038381,
      4.887474800000002,
      0.596322008940963
    ],
    [
      0.46000000000000024,
      15.02788681901827,
      4.881312259678817,
      0.5962909541101812
    ],
    [
      0.47000000000000025,
      15.017135061325432,
      4.8749984615442985,
      0.5962591370473403
    ],
    [
      0.48000000000000026,
      15.00613164544,
      4.868536881152002,
      0.5962265752667747
    ],
    [
      0.49000000000000027,
      14.994882801821234,
      4.861931177239706,
      0.5961932872059265
    ],
    [
      0.5000000000000002,
      14.983395061728395,
      4.855185185185188,
      0.5961592921923785
    ],
    [
      0.5100000000000002,
      14.97167524608,
      4.848302910464002,
      0.5961246104108856
    ],
    [
      0.5200000000000002,
      14.959730454313085,
      4.841288522107262,
      0.5960892628704066
    ],
    [
      0.5300000000000002,
      14.947568053242469,
      4.834146346159409,
      0.5960532713711361
    ],
    [
      0.5400000000000003,
      14.93519566592,
      4.826880859136002,
      0.5960166584715363
    ],
    [
      0.5500000000000003,
      14.922621160493827,
      4.819496681481484,
      0.5959794474553689
    ],
    [
      0.5600000000000003,
      14.909852639067655,
      4.811998571026965,
      0.5959416622987269
    ],
    [
      0.5700000000000003,
      14.89689842656,
      4.804391416448002,
      0.5959033276370665
    ],
    [
      0.5800000000000003,
      14.883767059563457,
      4.796680230722372,
      0.5958644687322391
    ],
    [
      0.5900000000000003,
      14.87046727520395,
      4.788870144587854,
      0.5958251114395224
    ],
    [
      0.6000000000000003,
      14.857008,
      4.780966400000002,
      0.5957852821746534
    ],
    [
      0.6100000000000003,
      14.843398338721975,
      4.772974343589928,
      0.5957450078808593
    ],
    [
      0.6200000000000003,
      14.829647563251358,
      4.7648994201220765,
      0.5957043159958897
    ],
    [
      0.6300000000000003,
      14.81576510144,
      4.756747165952002,
      0.5956632344190484
    ],
    [
      0.6400000000000003,
      14.801760525969383,
      4.74852320248415,
      0.5956217914782255
    ],
    [
      0.6500000000000004,
      14.787643543209876,
