{
  "meta_data": {
    "path_name": "2PieceCenterPart1",
    "sample_rate": 0.01
  },
  "key_points": [
    {
      "index": 0,
      "delta_time": 0.0,
      "time": 0.0,
      "x": 1.2832318125000002,
      "y": 4.36,
      "angle": -0.7853981633974483,
      "velocity_magnitude": 0,
      "velocity_theta": 0,
      "angular_velocity": 0
    },
    {
      "index": 1,
      "delta_time": 1.0,
      "time": 1.0,
      "x": 2.2,
      "y": 4.124796587412588,
      "angle": 0.0,
      "velocity_magnitude": 0.8058142332211141,
      "velocity_theta": -0.187239261211507,
      "angular_velocity": 0
    },
    {
      "index": 2,
      "delta_time": 0.6,
      "time": 1.6,
      "x": 2.55,
      "y": 4.12,
      "angle": 0.0,
      "velocity_magnitude": 0,
      "velocity_theta": 0,
      "angular_velocity": 0
    }
  ],
  "sampled_points": [
    [
      0,
      1.2832318125000002,
      4.36,
      -0.7853981633974483
    ],
    [
      0.01,
      1.2832377314798284,
      4.359998272650264,
      -0.7853904267542999
    ],
    [
      0.02,
      1.2832785150866715,
      4.359986377139278,
      -0.7853372014203239
    ],
    [
      0.03,
      1.2833872593819313,
      4.359954678942407,
      -0.7851955339699641
    ],
    [
      0.04,
      1.2835951651781825,
      4.359894115198011,
      -0.7849251853137169
    ],
    [
      0.05,
      1.2839315755441967,
      4.359796183172797,
      -0.7844885741494637
    ],
    [
      0.060000000000000005,
      1.2844240133099694,
      4.359652928727177,
      -0.7838507204138033
    ],
    [
      0.07,
      1.2850982185717437,
      4.359456934780615,
      -0.7829791887333835
    ],
    [
      0.08,
      1.2859781861970367,
      4.359201309776992,
      -0.7818440318762341
    ],
    [
      0.09,
      1.287086203329664,
      4.35887967614995,
      -0.7804177342030985
    ],
    [
      0.09999999999999999,
      1.2884428868947655,
      4.358486158788252,
      -0.7786751551187664
    ],
    [
      0.10999999999999999,
      1.2900672211038304,
      4.358015373501136,
      -0.7765934725234058
    ],
    [
      0.11999999999999998,
      1.2919765949597228,
      4.357462415483665,
      -0.7741521262638954
    ],
    [
      0.12999999999999998,
      1.294186839761707,
      4.356822847782089,
      -0.7713327615851565
    ],
    [
      0.13999999999999999,
      1.2967122666104713,
      4.356092689759192,
      -0.7681191725814854
    ],
    [
      0.15,
      1.2995657039131563,
      4.3552684055596504,
      -0.7644972456478862
    ],
    [
      0.16,
      1.3027585348883772,
      4.354346892575385,
      -0.7604549029314018
    ],
    [
      0.17,
      1.3063007350712506,
      4.353325469910916,
      -0.7559820457824475
    ],
    [
      0.18000000000000002,
      1.3102009098184195,
      4.352201866848719,
      -0.7510704982061424
    ],
    [
      0.19000000000000003,
      1.3144663318130787,
      4.350974211314578,
      -0.7457139503136414
    ],
    [
      0.20000000000000004,
      1.3191029785699995,
      4.349641018342938,
      -0.7399079017734685
    ],
    [
      0.21000000000000005,
      1.324115569940556,
      4.348201178542261,
      -0.7336496052628481
    ],
    [
      0.22000000000000006,
      1.3295076056177495,
      4.346653946560383,
      -0.7269380099190376
    ],
    [
      0.23000000000000007,
      1.335281402641234,
      4.344998929549861,
      -0.7197737047906594
    ],
    [
      0.24000000000000007,
      1.341438132902342,
      4.343236075633337,
      -0.7121588622890336
    ],
    [
      0.25000000000000006,
      1.3479778606491084,
      4.341365662368882,
      -0.7040971816395097
    ],
    [
      0.26000000000000006,
      1.3548995799912977,
      4.3393882852153585,
      -0.6955938323327994
    ],
    [
      0.2700000000000001,
      1.3622012524054279,
      4.337304845997771,
      -0.686655397576308
    ],
    [
      0.2800000000000001,
      1.3698798442397961,
      4.33511654137262,
      -0.6772898177454677
    ],
    [
      0.2900000000000001,
      1.3779313642195044,
      4.332824851293259,
      -0.6675063338350689
    ],
    [
      0.3000000000000001,
      1.3863509009514838,
      4.330431527475246,
      -0.6573154309105929
    ],
    [
      0.3100000000000001,
      1.3951326604295209,
      4.327938581861697,
      -0.6467287815595442
    ],
    [
      0.3200000000000001,
      1.4042700035392826,
      4.325348275088647,
      -0.6357591893427825
    ],
    [
      0.3300000000000001,
      1.4137554835633412,
      4.322663104950394,
      -0.6244205322458551
    ],
    [
      0.34000000000000014,
      1.4235808836862,
      4.319885794864862,
      -0.6127277061303289
    ],
    [
      0.35000000000000014,
      1.4337372544993183,
      4.3170192823389515,
      -0.6006965681851228
    ],
    [
      0.36000000000000015,
      1.444214951506137,
      4.314066707433894,
      -0.5883438803778404
    ],
    [
      0.37000000000000016,
      1.4550036726271038,
      4.311031401230605,
      -0.575687252906101
    ],
    [
      0.38000000000000017,
      1.4660924957046981,
      4.307916874295044,
      -0.5627450876488731
    ],
    [
      0.3900000000000002,
      1.477469916008457,
      4.304726805143559,
      -0.5495365216178062
    ],
    [
      0.4000000000000002,
      1.4891238837399996,
      4.301465028708252,
      -0.5360813704085626
    ],
    [
      0.4100000000000002,
      1.5010418415380533,
      4.298135524802325,
      -0.5224000716521504
    ],
    [
      0.4200000000000002,
      1.5132107619834785,
      4.294742406585437,
      -0.5085136284662551
    ],
    [
      0.4300000000000002,
      1.525617185104294,
      4.291289909029058,
      -0.4944435529065722
    ],
    [
      0.4400000000000002,
      1.538247255880702,
      4.287782377381826,
      -0.48021180941813923
    ],
    [
      0.45000000000000023,
      1.5510867617501143,
      4.284224255634896,
      -0.46584075828666804
    ],
    [
      0.46000000000000024,
      1.5641211701121767,
      4.280620074987299,
      -0.4513530990898774
    ],
    [
      0.47000000000000025,
      1.577335665833794,
      4.276974442311295,
      -0.4367718141488244
    ],
    [
      0.48000000000000026,
      1.5907151887541564,
      4.273292028617725,
      -0.4221201119792375
    ],
    [
      0.49000000000000027,
      1.6042444711897643,
      4.269577557521368,
      -0.4074213707428484
    ],
    [
      0.5000000000000002,
      1.6179080754394528,
      4.2658357937062945,
      -0.39269908169872436
    ],
    [
      0.5100000000000002,
      1.6316904312894183,
      4.262071531391221,
      -0.3779767926546002
    ],
    [
      0.5200000000000002,
      1.645575873518243,
      4.258289582794864,
      -0.3632780514182113
    ],
    [
      0.5300000000000002,
      1.65954867940192,
      4.254494766601295,
      -0.3486263492486244
    ],
    [
      0.5400000000000003,
      1.6735931062188791,
      4.25069189642529,
      -0.3340450643075713
    ],
    [
      0.5500000000000003,
      1.687693428755012,
      4.246885769277694,
      -0.31955740511078046
    ],
    [
      0.5600000000000003,
      1.7018339768086976,
      4.243081154030763,
      -0.3051863539793094
    ],
    [
      0.5700000000000003,
      1.7159991726958266,
      4.239282779883531,
      -0.29095461049087656
    ],
    [
      0.5800000000000003,
      1.7301735687548274,
      4.235495324827153,
      -0.2768845349311936
    ],
    [
      0.5900000000000003,
      1.744341884851692,
      4.231723404110264,
      -0.2629980917452981
    ],
    [
      0.6000000000000003,
      1.7584890458850002,
      4.227971558704337,
      -0.2493167929888862
    ],
    [
      0.6100000000000003,
      1.7726002192909447,
      4.22424424376903,
      -0.23586164177964264
    ],
    [
      0.6200000000000003,
      1.7866608525483578,
      4.220545817117546,
      -0.22265307574857562
    ],
    [
