{
  "meta_data": {
    "path_name": "2PieceCenterPart1",
    "sample_rate": 0.01
  },
  "commands": [],
  "key_points": [
    {
      "index": 0,
      "delta_time": 0,
      "time": 0.0,
      "x": 15.28,
      "y": 4.8,
      "angle": 0.4188790204786391,
      "velocity_magnitude": 0,
      "velocity_theta": 0,
      "angular_velocity": 0
    },
    {
      "index": 1,
      "delta_time": 1.0,
      "time": 1.0,
      "x": 14.13,
      "y": 4.26,
      "angle": 0.4188790204786391,
      "velocity_magnitude": 0,
      "velocity_theta": 0,
      "angular_velocity": 0
    }
  ],
  "sampled_points": [
    [
      0,
      15.28,
      4.8,
      0.4188790204786391
    ],
    [
      0.01,
      15.279988671809999,
      4.799994680676,
      0.4188790204786391
    ],
    [
      0.02,
      15.27991073792,
      4.799958085631999,
      0.4188790204786391
    ],
    [
      0.03,
      15.279703304829999,
      4.799860682268,
      0.4188790204786391
    ],
    [
      0.04,
      15.27930745344,
      4.799674804224,
      0.4188790204786391
    ],
    [
      0.05,
      15.27866815625,
      4.799374612499999,
      0.4188790204786391
    ],
    [
      0.060000000000000005,
      15.277734194559999,
      4.798936056575999,
      0.4188790204786391
    ],
    [
      0.07,
      15.276458075669998,
      4.798336835532,
      0.4188790204786391
    ],
    [
      0.08,
      15.27479595008,
      4.7975563591679995,
      0.4188790204786391
    ],
    [
      0.09,
      15.272707528689999,
      4.796575709123999,
      0.4188790204786391
    ],
    [
      0.09999999999999999,
      15.270155999999998,
      4.795377599999999,
      0.4188790204786391
    ],
    [
      0.10999999999999999,
      15.267107947309999,
      4.793946340475999,
      0.4188790204786391
    ],
    [
      0.11999999999999998,
      15.263533265919998,
      4.792267794431999,
      0.4188790204786391
    ],
    [
      0.12999999999999998,
      15.259405080329998,
      4.7903293420679995,
      0.4188790204786391
    ],
    [
      0.13999999999999999,
      15.254699661439998,
      4.788119841024,
      0.4188790204786391
    ],
    [
      0.15,
      15.249396343749998,
      4.785629587499999,
      0.4188790204786391
    ],
    [
      0.16,
      15.243477442559998,
      4.782850277375999,
      0.4188790204786391
    ],
    [
      0.17,
      15.236928171169998,
      4.779774967331999,
      0.4188790204786391
    ],
    [
      0.18000000000000002,
      15.229736558079999,
      4.776398035968,
      0.4188790204786391
    ],
    [
      0.19000000000000003,
      15.221893364189999,
      4.772715144923999,
      0.4188790204786391
    ],
    [
      0.20000000000000004,
      15.213391999999999,
      4.768723199999999,
      0.4188790204786391
    ],
    [
      0.21000000000000005,
      15.204228442809999,
      4.764420312275999,
      0.4188790204786391
    ],
    [
      0.22000000000000006,
      15.194401153919998,
      4.759805759231999,
      0.4188790204786391
    ],
    [
      0.23000000000000007,
      15.183910995829999,
      4.754879945867999,
      0.4188790204786391
    ],
    [
      0.24000000000000007,
      15.172761149439998,
      4.749644365823999,
      0.4188790204786391
    ],
    [
      0.25000000000000006,
      15.160957031249998,
      4.744101562499999,
      0.4188790204786391
    ],
    [
      0.26000000000000006,
      15.148506210559999,
      4.738255090175999,
      0.4188790204786391
    ],
    [
      0.2700000000000001,
      15.135418326669999,
      4.732109475131999,
      0.4188790204786391
    ],
    [
      0.2800000000000001,
      15.121705006079997,
      4.7256701767679985,
      0.4188790204786391
    ],
    [
      0.2900000000000001,
      15.107379779689998,
      4.718943548723999,
      0.4188790204786391
    ],
    [
      0.3000000000000001,
      15.092457999999999,
      4.711936799999998,
      0.4188790204786391
    ],
    [
      0.3100000000000001,
      15.076956758309999,
      4.704657956075999,
      0.4188790204786391
    ],
    [
      0.3200000000000001,
      15.060894801919998,
      4.697115820031999,
      0.4188790204786391
    ],
    [
      0.3300000000000001,
      15.044292451329998,
      4.689319933667998,
      0.4188790204786391
    ],
    [
      0.34000000000000014,
      15.027171517439998,
      4.681280538623999,
      0.4188790204786391
    ],
    [
      0.35000000000000014,
      15.009555218749998,
      4.673008537499999,
      0.4188790204786391
    ],
    [
      0.36000000000000015,
      14.991468098559999,
      4.664515454975998,
      0.4188790204786391
    ],
    [
      0.37000000000000016,
      14.972935942169999,
      4.655813398931999,
      0.4188790204786391
    ],
    [
      0.38000000000000017,
      14.953985694079998,
      4.646915021567998,
      0.4188790204786391
    ],
    [
      0.3900000000000002,
      14.934645375189998,
      4.637833480523998,
      0.4188790204786391
    ],
    [
      0.4000000000000002,
      14.914943999999998,
      4.628582399999998,
      0.4188790204786391
    ],
    [
      0.4100000000000002,
      14.894911493809998,
      4.619175831875998,
      0.4188790204786391
    ],
    [
      0.4200000000000002,
      14.874578609919999,
      4.609628216831998,
      0.4188790204786391
    ],
    [
      0.4300000000000002,
      14.85397684683,
      4.599954345467998,
      0.4188790204786391
    ],
    [
      0.4400000000000002,
      14.833138365439998,
      4.590169319423998,
      0.4188790204786391
    ],
    [
      0.45000000000000023,
      14.812095906249999,
      4.5802885124999975,
      0.4188790204786391
    ],
    [
      0.46000000000000024,
      14.79088270656,
      4.570327531775997,
      0.4188790204786391
    ],
    [
      0.47000000000000025,
      14.76953241767,
      4.560302178731997,
      0.4188790204786391
    ],
    [
      0.48000000000000026,
      14.748079022079999,
      4.550228410367997,
      0.4188790204786391
    ],
    [
      0.49000000000000027,
      14.72655675069,
      4.540122300323997,
      0.4188790204786391
    ],
    [
      0.5000000000000002,
      14.705,
      4.529999999999998,
      0.4188790204786391
    ],
    [
      0.5100000000000002,
      14.683443249309999,
      4.519877699675997,
      0.4188790204786391
    ],
    [
      0.5200000000000002,
      14.66192097792,
      4.509771589631997,
      0.4188790204786391
    ],
    [
      0.5300000000000002,
      14.64046758233,
      4.499697821267997,
      0.4188790204786391
    ],
    [
      0.5400000000000003,
      14.61911729344,
      4.489672468223997,
      0.4188790204786391
    ],
    [
      0.5500000000000003,
      14.59790409375,
      4.479711487499997,
      0.4188790204786391
    ],
    [
      0.5600000000000003,
      14.57686163456,
      4.469830680575996,
      0.4188790204786391
    ],
    [
      0.5700000000000003,
      14.55602315317,
      4.460045654531997,
      0.4188790204786391
    ],
    [
      0.5800000000000003,
      14.535421390080002,
      4.450371783167997,
      0.4188790204786391
    ],
    [
      0.5900000000000003,
      14.51508850619,
      4.440824168123997,
      0.4188790204786391
    ],
    [
      0.6000000000000003,
      14.495056000000002,
      4.431417599999996,
      0.4188790204786391
    ],
    [
      0.6100000000000003,
      14.475354624810002,
      4.422166519475996,
      0.4188790204786391
    ],
    [
      0.6200000000000003,
      14.456014305920002,
      4.413084978431996,
      0.4188790204786391
    ],
    [
      0.6300000000000003,
      14.437064057830003,
      4.4041866010679955,
      0.4188790204786391
    ],
    [
      0.6400000000000003,
      14.418531901440003,
      4.395484545023995,
      0.4188790204786391
    ],
    [
      0.6500000000000004,
      14.400444781250004,
      4.386991462499996,
      0.4188790204786391
    ],
    [
      0.6600000000000004,
      14.382828482560004,
