{
  "meta_data": {
    "path_name": "3PieceSpikePart2",
    "sample_rate": 0.01
  },
  "key_points": [
    {
      "index": 0,
      "delta_time": 0.0,
      "time": 0.0,
      "x": 2.55,
      "y": 4.25,
      "angle": -0.4188790204786391,
      "velocity_magnitude": 0,
      "velocity_theta": 0,
      "angular_velocity": 0
    },
    {
      "index": 1,
      "delta_time": 1.0,
      "time": 1.0,
      "x": 1.9,
      "y": 5.55,
      "angle": 0.0,
      "velocity_magnitude": 0.8135818524743432,
      "velocity_theta": 1.6092161725294425,
      "angular_velocity": 0
    },
    {
      "index": 2,
      "delta_time": 0.6,
      "time": 1.6,
      "x": 2.5,
      "y": 5.55077034965035,
      "angle": 0.0,
      "velocity_magnitude": 0,
      "velocity_theta": 0,
      "angular_velocity": 0
    }
  ],
  "sampled_points": [
    [
      0,
      2.55,
      4.25,
      -0.4188790204786391
    ],
    [
      0.01,
      2.5499937199318747,
      4.2500096105189344,
      -0.41887489426896
    ],
    [
      0.02,
      2.5499505128199997,
      4.250075792287629,
      -0.4188465074241728
    ],
    [
      0.03,
      2.549835502820625,
      4.250252142879976,
      -0.4187709514506476
    ],
    [
      0.04,
      2.54961601024,
      4.250589074344065,
      -0.41862676550064903
    ],
    [
      0.05,
      2.549261505859375,
      4.251133877534856,
      -0.4183939062130474
    ],
    [
      0.060000000000000005,
      2.54874356526,
      4.251930786446844,
      -0.4180537175540284
    ],
    [
      0.07,
      2.548035823148125,
      4.253021042546728,
      -0.4175889006578046
    ],
    [
      0.08,
      2.54711392768,
      4.254442959106076,
      -0.41698348366732485
    ],
    [
      0.09,
      2.545955494786875,
      4.256231985533994,
      -0.4162227915749859
    ],
    [
      0.09999999999999999,
      2.5445400625,
      4.2584207717097895,
      -0.41529341606334214
    ],
    [
      0.10999999999999999,
      2.542849045275625,
      4.261039232315645,
      -0.4141831853458165
    ],
    [
      0.11999999999999998,
      2.5408656883200003,
      4.26411461116928,
      -0.41288113400741094
    ],
    [
      0.12999999999999998,
      2.538575021914375,
      4.267671545556617,
      -0.4113774728454168
    ],
    [
      0.13999999999999999,
      2.53596381574,
      4.271732130564456,
      -0.4096635587101256
    ],
    [
      0.15,
      2.5330205332031253,
      4.276315983413133,
      -0.4077318643455393
    ],
    [
      0.16,
      2.52973528576,
      4.281440307789193,
      -0.40557594823008103
    ],
    [
      0.17,
      2.526099787241875,
      4.287119958178055,
      -0.4031904244173054
    ],
    [
      0.18000000000000002,
      2.5221073081800003,
      4.293367504196677,
      -0.4005709323766093
    ],
    [
      0.19000000000000003,
      2.5177526301306252,
      4.300193294926229,
      -0.3977141068339421
    ],
    [
      0.20000000000000004,
      2.5130320000000004,
      4.307605523244754,
      -0.39461754761251655
    ],
    [
      0.21000000000000005,
      2.507943084369375,
      4.315610290159839,
      -0.39127978947351905
    ],
    [
      0.22000000000000006,
      2.50248492382,
      4.324211669141279,
      -0.38770027195682005
    ],
    [
      0.23000000000000007,
      2.496657887258125,
      4.333411770453748,
      -0.383879309221685
    ],
    [
      0.24000000000000007,
      2.4904636262400004,
      4.343210805489463,
      -0.3798180598874846
    ],
    [
      0.25000000000000006,
      2.483905029296875,
      4.353607151100851,
      -0.37551849687440525
    ],
    [
      0.26000000000000006,
      2.47698617626,
      4.364597413933221,
      -0.3709833772441597
    ],
    [
      0.2700000000000001,
      2.4697122925856254,
      4.3761764947574235,
      -0.36621621204069765
    ],
    [
      0.2800000000000001,
      2.4620897036800002,
      4.388337652802523,
      -0.3612212361309161
    ],
    [
      0.2900000000000001,
      2.454125789224375,
      4.4010725700884645,
      -0.3560033780453701
    ],
    [
      0.3000000000000001,
      2.4458289375,
      4.41437141575874,
      -0.3505682298189829
    ],
    [
      0.3100000000000001,
      2.437208499713125,
      4.428222910413053,
      -0.34492201683175694
    ],
    [
      0.3200000000000001,
      2.4282747443200003,
      4.442614390439992,
      -0.33907156764948404
    ],
    [
      0.3300000000000001,
      2.419038811351875,
      4.45753187234969,
      -0.3330242838644561
    ],
    [
      0.34000000000000014,
      2.40951266674,
      4.472960117106497,
      -0.32678810993617546
    ],
    [
      0.35000000000000014,
      2.399709056640625,
      4.488882694461647,
      -0.3203715030320656
    ],
    [
      0.36000000000000015,
      2.38964146176,
      4.50528204728592,
      -0.31378340286818157
    ],
    [
      0.37000000000000016,
      2.379324051679375,
      4.522139555902316,
      -0.30703320154992053
    ],
    [
      0.38000000000000017,
      2.36877163918,
      4.539435602418719,
      -0.30013071341273234
    ],
    [
      0.3900000000000002,
      2.357999634568125,
      4.557149635060561,
      -0.29308614486283
    ],
    [
      0.4000000000000002,
      2.347024,
      4.575260232503496,
      -0.2859100642179001
    ],
    [
      0.4100000000000002,
      2.335861203806875,
      4.593745168206059,
      -0.2786133715478135
    ],
    [
      0.4200000000000002,
      2.32452817482,
      4.612581474742342,
      -0.27120726851533605
    ],
    [
      0.4300000000000002,
      2.313042256695625,
      4.631745508134653,
      -0.2637032282168385
    ],
    [
      0.4400000000000002,
      2.30142116224,
      4.65121301218619,
      -0.2561129650230076
    ],
    [
      0.45000000000000023,
      2.2896829277343747,
      4.670959182813701,
      -0.24844840441955632
    ],
    [
      0.46000000000000024,
      2.27784586726,
      4.690958732380158,
      -0.2407216528479346
    ],
    [
      0.47000000000000025,
      2.265928527023125,
      4.71118595402742,
      -0.23294496754603972
    ],
    [
      0.48000000000000026,
      2.25394963968,
      4.731614786008901,
      -0.22513072638892667
    ],
    [
      0.49000000000000027,
      2.241928078661875,
      4.752218876022238,
      -0.21729139772951914
    ],
    [
      0.5000000000000002,
      2.2298828124999996,
      4.772971645541957,
      -0.20943951023931973
    ],
    [
      0.5100000000000002,
      2.217832859150625,
      4.793846354152142,
      -0.20158762274912018
    ],
    [
      0.5200000000000002,
      2.20579724032,
      4.814816163879097,
      -0.19374829408971259
    ],
    [
      0.5300000000000002,
      2.193794935789375,
      4.835854203524023,
      -0.1859340529325996
    ],
    [
      0.5400000000000003,
      2.18184483774,
      4.8569336329956725,
      -0.17815736763070475
    ],
    [
      0.5500000000000003,
      2.1699657050781247,
      4.878027707643028,
      -0.17043061605908294
    ],
    [
      0.5600000000000003,
      2.1581761177599996,
      4.899109842587962,
      -0.16276605545563172
    ],
    [
      0.5700000000000003,
      2.1464944311168748,
      4.9201536770579075,
      -0.15517579226180078
    ],
    [
      0.5800000000000003,
      2.1349387301799996,
      4.9411331387185236,
      -0.14767175196330323
    ],
    [
      0.5900000000000003,
      2.1235267840056244,
      4.9620225080063625,
      -0.14026564893082577
    ],
    [
      0.6000000000000003,
      2.1122759999999996,
      4.982796482461538,
      -0.13296895626073935
    ],
    [
      0.6100000000000003,
      2.1012033782443744,
      5.003430241060392,
      -0.12579287561580937
    ],
    [
      0.6200000000000003,
      2.0903254658199995,
      5.023899508548161,
      -0.118748307065907
    ],
    [
      0.6300000000000003,
      2.0796583111331244,
      5.044180619771644,
      -0.11184581892871875
    ],
    [
