{
  "meta_data": {
    "path_name": "3PieceSpikePart2",
    "sample_rate": 0.01
  },
  "key_points": [
    {
      "index": 0,
      "delta_time": 0.0,
      "time": 0.0,
      "x": 2.58,
      "y": 4.37,
      "angle": -0.5235987755982988,
      "velocity_magnitude": 0,
      "velocity_theta": 0,
      "angular_velocity": 0
    },
    {
      "index": 1,
      "delta_time": 0.9,
      "time": 0.9,
      "x": 1.9,
      "y": 5.55,
      "angle": 0.0,
      "velocity_magnitude": 0.7396733386406891,
      "velocity_theta": 1.6384453203575002,
      "angular_velocity": 0
    },
    {
      "index": 2,
      "delta_time": 0.7,
      "time": 1.6,
      "x": 2.5,
      "y": 5.55077034965035,
      "angle": 0.0,
      "velocity_magnitude": 0,
      "velocity_theta": 0,
      "angular_velocity": 0
    }
  ],
  "sampled_points": [
    [
      0,
      2.58,
      4.37,
      -0.5235987755982988
    ],
    [
      0.01,
      2.579991069062135,
      4.3700123441520295,
      -0.5235917123484438
    ],
    [
      0.02,
      2.5799297417670073,
      4.370097182585532,
      -0.5235432144873571
    ],
    [
      0.03,
      2.5797668561728395,
      4.370322736871998,
      -0.5234144171158289
    ],
    [
      0.04,
      2.5794567059086524,
      4.370752661433576,
      -0.5231692006170575
    ],
    [
      0.05,
      2.5789569600035565,
      4.371446146930765,
      -0.5227741268128725
    ],
    [
      0.060000000000000005,
      2.5782285827160494,
      4.372458023650108,
      -0.5221983751199579
    ],
    [
      0.07,
      2.5772357533633086,
      4.3738388648918916,
      -0.5214136787060752
    ],
    [
      0.08,
      2.575945786150485,
      4.37563509035784,
      -0.5203942606462866
    ],
    [
      0.09,
      2.5743290500000002,
      4.377889069538811,
      -0.5191167700791774
    ],
    [
      0.09999999999999999,
      2.5723588883808364,
      4.38063922510249,
      -0.51756021836308
    ],
    [
      0.10999999999999999,
      2.570011539137835,
      4.383920136281088,
      -0.5157059152322961
    ],
    [
      0.11999999999999998,
      2.5672660543209878,
      4.387762642259035,
      -0.5135374049533206
    ],
    [
      0.12999999999999998,
      2.5641042200147335,
      4.392193945560679,
      -0.511040402481064
    ],
    [
      0.13999999999999999,
      2.5605104761672512,
      4.39723771543798,
      -0.5082027296150755
    ],
    [
      0.15,
      2.556471836419753,
      4.402914191258201,
      -0.5050142511557667
    ],
    [
      0.16,
      2.551977807935782,
      4.409240285891615,
      -0.501466811060634
    ],
    [
      0.17,
      2.547020311230504,
      4.416229689099187,
      -0.4975541686004816
    ],
    [
      0.18000000000000002,
      2.5415936,
      4.42389297092028,
      -0.4932719345156455
    ],
    [
      0.19000000000000003,
      2.535694180950567,
      4.432237685060346,
      -0.48861750717221536
    ],
    [
      0.20000000000000004,
      2.5293207336280044,
      4.441268472278623,
      -0.4835900087182583
    ],
    [
      0.21000000000000005,
      2.5224740302469137,
      4.450987163775831,
      -0.47819022124004185
    ],
    [
      0.22000000000000006,
      2.5151568555199924,
      4.461392884581866,
      -0.4724205229182568
    ],
    [
      0.23000000000000007,
      2.5073739264873245,
      4.472482156943496,
      -0.4662848241842406
    ],
    [
      0.24000000000000007,
      2.4991318123456794,
      4.48424900371206,
      -0.45978850387620007
    ],
    [
      0.25000000000000006,
      2.4904388542778038,
      4.49668505173116,
      -0.4529383453954347
    ],
    [
      0.26000000000000006,
      2.481305085281716,
      4.509779635224357,
      -0.4457424728625596
    ],
    [
      0.2700000000000001,
      2.4717421500000003,
      4.523519899182866,
      -0.4382102872737287
    ],
    [
      0.2800000000000001,
      2.4617632245491037,
      4.537890902753259,
      -0.4303524026568575
    ],
    [
      0.2900000000000001,
      2.4513829363486264,
      4.552875722625147,
      -0.42218058222784666
    ],
    [
      0.3000000000000001,
      2.4406172839506177,
      4.568455556418889,
      -0.4137076745468045
    ],
    [
      0.3100000000000001,
      2.429483556868872,
      4.58460982607328,
      -0.40494754967427055
    ],
    [
      0.3200000000000001,
      2.418000255408221,
      4.601316281233251,
      -0.39591503532743805
    ],
    [
      0.3300000000000001,
      2.4061870104938277,
      4.618551102637559,
      -0.38662585303637764
    ],
    [
      0.34000000000000014,
      2.3940645035004833,
      4.636289005506487,
      -0.3770965543002601
    ],
    [
      0.35000000000000014,
      2.3816543860818986,
      4.654503342929543,
      -0.36734445674357935
    ],
    [
      0.36000000000000015,
      2.368979200000001,
      4.673166209253146,
      -0.3573875802723756
    ],
    [
      0.37000000000000016,
      2.3560622969542253,
      4.69224854346833,
      -0.3472445832304585
    ],
    [
      0.38000000000000017,
      2.3429277584108124,
      4.711720232598437,
      -0.3369346985556301
    ],
    [
      0.3900000000000002,
      2.3296003154320997,
      4.731550215086811,
      -0.3264776699359079
    ],
    [
      0.4000000000000002,
      2.316105268505818,
      4.751706584184498,
      -0.31589368796574796
    ],
    [
      0.4100000000000002,
      2.302468407374385,
      4.772156691337935,
      -0.305203326302268
    ],
    [
      0.4200000000000002,
      2.2887159308641984,
      4.792867249576654,
      -0.29442747782147055
    ],
    [
      0.4300000000000002,
      2.2748743667149327,
      4.81380443690097,
      -0.28358729077446554
    ],
    [
      0.4400000000000002,
      2.260970491408831,
      4.83493399966968,
      -0.2727041049436939
    ],
    [
      0.45000000000000023,
      2.247031250000001,
      4.856221355987761,
      -0.26179938779915063
    ],
    [
      0.46000000000000024,
      2.2330836759437087,
      4.877631699094061,
      -0.2508946706546073
    ],
    [
      0.47000000000000025,
      2.219154810925673,
      4.899130100748998,
      -0.24001148482383566
    ],
    [
      0.48000000000000026,
      2.2052716246913593,
      4.920681614622255,
      -0.22917129777683076
    ],
    [
      0.49000000000000027,
      2.1914609348752743,
      4.942251379680474,
      -0.2183954492960331
    ],
    [
      0.5000000000000002,
      2.177749326830261,
      4.963804723574955,
      -0.2077050876325532
    ],
    [
      0.5100000000000002,
      2.164163073456791,
      4.985307266029348,
      -0.19712110566239344
    ],
    [
      0.5200000000000002,
      2.1507280550322623,
      5.006725022227349,
      -0.18666407704267118
    ],
    [
      0.5300000000000002,
      2.1374696790402896,
      5.028024506200401,
      -0.17635419236784278
    ],
    [
      0.5400000000000003,
      2.1244128000000013,
      5.0491728342153825,
      -0.1662111953259257
    ],
    [
      0.5500000000000003,
      2.1115816392953324,
      5.070137828162308,
      -0.15625431885472196
    ],
    [
      0.5600000000000003,
      2.09899970500432,
      5.090888118942021,
      -0.14650222129804125
    ],
    [
      0.5700000000000003,
      2.0866897117283965,
      5.111393249853892,
      -0.13697292256192362
    ],
    [
      0.5800000000000003,
      2.074673500421685,
      5.13162377998351,
      -0.1276837402708632
    ],
    [
      0.5900000000000003,
      2.062971958220293,
      5.151551387590385,
      -0.11865122592403093
    ],
    [
      0.6000000000000003,
      2.0516049382716064,
      5.171148973495638,
      -0.10989110105149669
    ],
    [
      0.6100000000000003,
      2.040591179563584,
      5.190390764469697,
      -0.10141819337045471
    ],
    [
      0.6200000000000003,
      2.029948226754053,
      5.2092524166199965,
      -0.09324637294144389
    ],
    [
      0.6300000000000003,
