{
  "meta_data": {
    "path_name": "3PieceSpikePart2",
    "sample_rate": 0.01
  },
  "commands": [],
  "key_points": [
    {
      "index": 0,
      "delta_time": 0,
      "time": 0.0,
      "x": 14.13,
      "y": 4.26,
      "angle": 0.4188790204786391,
      "velocity_magnitude": 0,
      "velocity_theta": 0,
      "angular_velocity": 0
    },
    {
      "index": 1,
      "delta_time": 1.0,
      "time": 1.0,
      "x": 14.73,
      "y": 5.55,
      "angle": 0.0,
      "velocity_magnitude": 0.80625,
      "velocity_theta": 1.5707963267948966,
      "angular_velocity": 0
    },
    {
      "index": 2,
      "delta_time": 0.6,
      "time": 1.6,
      "x": 14.13,
      "y": 5.55,
      "angle": 0.0,
      "velocity_magnitude": 0,
      "velocity_theta": 0,
      "angular_velocity": 0
    }
  ],
  "sampled_points": [
    [
      0,
      14.13,
      4.26,
      0.4188790204786391
    ],
    [
      0.01,
      14.130005910360001,
      4.260009538469625,
      0.41887489426896
    ],
    [
      0.02,
      14.130046571520001,
      4.260075224027999,
      0.4188465074241728
    ],
    [
      0.03,
      14.130154797480001,
      4.260250252243875,
      0.4187709514506476
    ],
    [
      0.04,
      14.130361328640001,
      4.2605846568959995,
      0.41862676550064903
    ],
    [
      0.05,
      14.130694875000001,
      4.261125373828125,
      0.4183939062130474
    ],
    [
      0.060000000000000005,
      14.13118215936,
      4.261916304803999,
      0.4180537175540284
    ],
    [
      0.07,
      14.13184796052,
      4.262998381362374,
      0.4175889006578046
    ],
    [
      0.08,
      14.13271515648,
      4.2644096286719995,
      0.41698348366732485
    ],
    [
      0.09,
      14.133804767640001,
      4.2661852293866245,
      0.4162227915749859
    ],
    [
      0.09999999999999999,
      14.135136000000001,
      4.268357587499999,
      0.41529341606334214
    ],
    [
      0.10999999999999999,
      14.13672628836,
      4.270956392200874,
      0.4141831853458165
    ],
    [
      0.11999999999999998,
      14.138591339520001,
      4.274008681727999,
      0.41288113400741094
    ],
    [
      0.12999999999999998,
      14.140745175480001,
      4.277538907225124,
      0.4113774728454168
    ],
    [
      0.13999999999999999,
      14.14320017664,
      4.281568996595999,
      0.4096635587101256
    ],
    [
      0.15,
      14.145967125,
      4.286118418359374,
      0.4077318643455393
    ],
    [
      0.16,
      14.14905524736,
      4.291204245503999,
      0.40557594823008103
    ],
    [
      0.17,
      14.152472258520001,
      4.296841219343624,
      0.4031904244173054
    ],
    [
      0.18000000000000002,
      14.156224404480001,
      4.3030418133719985,
      0.4005709323766093
    ],
    [
      0.19000000000000003,
      14.16031650564,
      4.309816297117874,
      0.3977141068339421
    ],
    [
      0.20000000000000004,
      14.164752,
      4.317172799999999,
      0.39461754761251655
    ],
    [
      0.21000000000000005,
      14.16953298636,
      4.325117375182124,
      0.39127978947351905
    ],
    [
      0.22000000000000006,
      14.17466026752,
      4.333654063427999,
      0.38770027195682005
    ],
    [
      0.23000000000000007,
      14.18013339348,
      4.342784956956374,
      0.383879309221685
    ],
    [
      0.24000000000000007,
      14.185950704640002,
      4.352510263295999,
      0.3798180598874846
    ],
    [
      0.25000000000000006,
      14.192109375000001,
      4.362828369140623,
      0.37551849687440525
    ],
    [
      0.26000000000000006,
      14.198605455360001,
      4.373735904203999,
      0.3709833772441597
    ],
    [
      0.2700000000000001,
      14.20543391652,
      4.385227805074874,
      0.36621621204069765
    ],
    [
      0.2800000000000001,
      14.21258869248,
      4.397297379071999,
      0.3612212361309161
    ],
    [
      0.2900000000000001,
      14.220062723640002,
      4.409936368099124,
      0.3560033780453701
    ],
    [
      0.3000000000000001,
      14.227848000000002,
      4.423135012499999,
      0.3505682298189829
    ],
    [
      0.3100000000000001,
      14.235935604360002,
      4.436882114913374,
      0.34492201683175694
    ],
    [
      0.3200000000000001,
      14.24431575552,
      4.451165104127998,
      0.33907156764948404
    ],
    [
      0.3300000000000001,
      14.25297785148,
      4.465970098937624,
      0.3330242838644561
    ],
    [
      0.34000000000000014,
      14.261910512640002,
      4.481281971995998,
      0.32678810993617546
    ],
    [
      0.35000000000000014,
      14.271101625000002,
      4.497084413671874,
      0.3203715030320656
    ],
    [
      0.36000000000000015,
      14.280538383360001,
      4.513359995903999,
      0.31378340286818157
    ],
    [
      0.37000000000000016,
      14.290207334520002,
      4.5300902360561235,
      0.30703320154992053
    ],
    [
      0.38000000000000017,
      14.300094420480002,
      4.547255660771999,
      0.30013071341273234
    ],
    [
      0.3900000000000002,
      14.310185021640002,
      4.5648358698303735,
      0.29308614486283
    ],
    [
      0.4000000000000002,
      14.320464000000001,
      4.582809599999999,
      0.2859100642179001
    ],
    [
      0.4100000000000002,
      14.330915742360002,
      4.601154788894624,
      0.2786133715478135
    ],
    [
      0.4200000000000002,
      14.341524203520002,
      4.619848638827999,
      0.27120726851533605
    ],
    [
      0.4300000000000002,
      14.352272949480003,
      4.638867680668874,
      0.2637032282168385
    ],
    [
      0.4400000000000002,
      14.363145200640004,
      4.658187837695999,
      0.2561129650230076
    ],
    [
      0.45000000000000023,
      14.374123875000002,
      4.677784489453123,
      0.24844840441955632
    ],
    [
      0.46000000000000024,
      14.385191631360003,
      4.697632535603999,
      0.2407216528479346
    ],
    [
      0.47000000000000025,
      14.396330912520003,
      4.717706459787374,
      0.23294496754603972
    ],
    [
      0.48000000000000026,
      14.407523988480003,
      4.737980393471998,
      0.22513072638892667
    ],
    [
      0.49000000000000027,
      14.418752999640004,
      4.758428179811624,
      0.21729139772951914
    ],
    [
      0.5000000000000002,
      14.430000000000003,
      4.7790234374999985,
      0.20943951023931973
    ],
    [
      0.5100000000000002,
      14.441247000360004,
      4.7997396246258734,
      0.20158762274912018
    ],
    [
      0.5200000000000002,
      14.452476011520003,
      4.820550102527998,
      0.19374829408971259
    ],
    [
      0.5300000000000002,
      14.463669087480005,
      4.841428199650124,
      0.1859340529325996
    ],
    [
      0.5400000000000003,
      14.474808368640005,
      4.862347275395999,
      0.17815736763070475
    ],
    [
      0.5500000000000003,
      14.485876125000004,
      4.8832807839843735,
      0.17043061605908294
    ],
    [
      0.5600000000000003,
      14.496854799360005,
      4.904202338303999,
      0.16276605545563172
    ],
    [
      0.5700000000000003,
      14.507727050520005,
      4.9250857737686236,
      0.15517579226180078
    ],
    [
      0.5800000000000003,
      14.518475796480006,
      4.945905212171999,
      0.14767175196330323
    ],
    [
      0.5900000000000003,
      14.529084257640006,
      4.966635125542874,
      0.14026564893082577
    ],
    [
      0.6000000000000003,
      14.539536000000007,
      4.987250399999999,
      0.13296895626073935
    ],
    [
      0.6100000000000003,
      14.549814978360008,
      5.007726399607124,
      0.12579287561580937
    ],
    [
      0.6200000000000003,
      14.559905579520008,
      5.028039030227999,
      0.118748307065907
    ],
    [
      0.6300000000000003,
      14.569792665480009,
      5.048164803381374,
      0.11184581892871875
    ],
    [
