{
  "meta_data": {
    "path_name": "4Piece1FarPart1",
    "sample_rate": 0.01
  },
  "commands": [
    
  ],
  "key_points": [
    {
      "index": 0,
      "delta_time": 0.0,
      "time": 0.0,
      "x": 1.3877914416666668,
      "y": 5.55077034965035,
      "angle": 0.0,
      "velocity_magnitude": 0,
      "velocity_theta": 0,
      "angular_velocity": 0
    },
    {
      "index": 1,
      "delta_time": 1.0,
      "time": 1.0,
      "x": 2.5,
      "y": 5.55,
      "angle": 0.0,
      "velocity_magnitude": 0,
      "velocity_theta": 0,
      "angular_velocity": 0
    }
  ],
  "sampled_points": [
    [
      0,
      1.3877914416666668,
      5.55077034965035,
      0.0
    ],
    [
      0.01,
      1.3878023975882916,
      5.550770342061944,
      0.0
    ],
    [
      0.02,
      1.3878777704051979,
      5.550770289856427,
      0.0
    ],
    [
      0.03,
      1.388078386803441,
      5.550770150903376,
      0.0
    ],
    [
      0.04,
      1.3884612296762986,
      5.550769885734698,
      0.0
    ],
    [
      0.05,
      1.389079518203287,
      5.550769457489162,
      0.0
    ],
    [
      0.060000000000000005,
      1.3899827879291768,
      5.550768831856934,
      0.0
    ],
    [
      0.07,
      1.3912169708430107,
      5.550767977024116,
      0.0
    ],
    [
      0.08,
      1.3928244754571175,
      5.550766863617276,
      0.0
    ],
    [
      0.09,
      1.3948442668861303,
      5.550765464647982,
      0.0
    ],
    [
      0.09999999999999999,
      1.3973119469260007,
      5.550763755457344,
      0.0
    ],
    [
      0.10999999999999999,
      1.4002598341330172,
      5.55076171366054,
      0.0
    ],
    [
      0.11999999999999998,
      1.4037170439028197,
      5.550759319091358,
      0.0
    ],
    [
      0.12999999999999998,
      1.4077095685494168,
      5.550756553746727,
      0.0
    ],
    [
      0.13999999999999999,
      1.4122603573842005,
      5.550753401731252,
      0.0
    ],
    [
      0.15,
      1.4173893967949645,
      5.550749849201749,
      0.0
    ],
    [
      0.16,
      1.423113790324919,
      5.550745884311782,
      0.0
    ],
    [
      0.17,
      1.4294478387517064,
      5.550741497156195,
      0.0
    ],
    [
      0.18000000000000002,
      1.4364031201664196,
      5.550736679715647,
      0.0
    ],
    [
      0.19000000000000003,
      1.4439885700526158,
      5.550731425801151,
      0.0
    ],
    [
      0.20000000000000004,
      1.4522105613653347,
      5.550725730998602,
      0.0
    ],
    [
      0.21000000000000005,
      1.461072984610113,
      5.5507195926133175,
      0.0
    ],
    [
      0.22000000000000006,
      1.4705773279220018,
      5.55071300961457,
      0.0
    ],
    [
      0.23000000000000007,
      1.4807227571445825,
      5.55070598258012,
      0.0
    ],
    [
      0.24000000000000007,
      1.4915061959089826,
      5.550698513640756,
      0.0
    ],
    [
      0.25000000000000006,
      1.5029224057128923,
      5.550690606424826,
      0.0
    ],
    [
      0.26000000000000006,
      1.5149640659995807,
      5.550682266002769,
      0.0
    ],
    [
      0.2700000000000001,
      1.527621854236912,
      5.5506734988316575,
      0.0
    ],
    [
      0.2800000000000001,
      1.5408845259963615,
      5.550664312699726,
      0.0
    ],
    [
      0.2900000000000001,
      1.5547389950320316,
      5.550654716670907,
      0.0
    ],
    [
      0.3000000000000001,
      1.5691704133596687,
      5.5506447210293715,
      0.0
    ],
    [
      0.3100000000000001,
      1.5841622513356786,
      5.550634337224053,
      0.0
    ],
    [
      0.3200000000000001,
      1.5996963777361437,
      5.550623577813194,
      0.0
    ],
    [
      0.3300000000000001,
      1.615753139835838,
      5.55061245640887,
      0.0
    ],
    [
      0.34000000000000014,
      1.6323114434872443,
      5.550600987621534,
      0.0
    ],
    [
      0.35000000000000014,
      1.6493488331995698,
      5.5505891870045465,
      0.0
    ],
    [
      0.36000000000000015,
      1.6668415722177627,
      5.550577070998708,
      0.0
    ],
    [
      0.37000000000000016,
      1.6847647226015279,
      5.550564656876799,
      0.0
    ],
    [
      0.38000000000000017,
      1.7030922253043435,
      5.550551962688112,
      0.0
    ],
    [
      0.3900000000000002,
      1.7217969802524773,
      5.550539007202986,
      0.0
    ],
    [
      0.4000000000000002,
      1.7408509264240024,
      5.550525809857343,
      0.0
    ],
    [
      0.4100000000000002,
      1.7602251219278142,
      5.5505123906972225,
      0.0
    ],
    [
      0.4200000000000002,
      1.7798898240826455,
      5.550498770323314,
      0.0
    ],
    [
      0.4300000000000002,
      1.7998145694960836,
      5.550484969835494,
      0.0
    ],
    [
      0.4400000000000002,
      1.8199682541435864,
      5.55047101077736,
      0.0
    ],
    [
      0.45000000000000023,
      1.8403192134474975,
      5.55045691508077,
      0.0
    ],
    [
      0.46000000000000024,
      1.8608353023560646,
      5.550442705010366,
      0.0
    ],
    [
      0.47000000000000025,
      1.8814839754224535,
      5.550428403108122,
      0.0
    ],
    [
      0.48000000000000026,
      1.9022323668837653,
      5.550414032137868,
      0.0
    ],
    [
      0.49000000000000027,
      1.9230473707400528,
      5.550399615029834,
      0.0
    ],
    [
      0.5000000000000002,
      1.943895720833336,
      5.550385174825175,
      0.0
    ],
    [
      0.5100000000000002,
      1.9647440709266195,
      5.550370734620517,
      0.0
    ],
    [
      0.5200000000000002,
      1.9855590747829073,
      5.550356317512483,
      0.0
    ],
    [
      0.5300000000000002,
      2.006307466244219,
      5.550341946542229,
      0.0
    ],
    [
      0.5400000000000003,
      2.0269561393106077,
      5.550327644639984,
      0.0
    ],
    [
      0.5500000000000003,
      2.0474722282191746,
      5.550313434569581,
      0.0
    ],
    [
      0.5600000000000003,
      2.0678231875230857,
      5.55029933887299,
      0.0
    ],
    [
      0.5700000000000003,
      2.0879768721705885,
      5.5502853798148575,
      0.0
    ],
    [
      0.5800000000000003,
      2.1079016175840266,
      5.550271579327037,
      0.0
    ],
    [
      0.5900000000000003,
      2.127566319738858,
      5.550257958953129,
      0.0
    ],
    [
      0.6000000000000003,
      2.1469405152426697,
      5.550244539793008,
      0.0
    ],
    [
      0.6100000000000003,
      2.165994461414195,
      5.550231342447365,
      0.0
    ],
    [
      0.6200000000000003,
      2.1846992163623282,
      5.550218386962239,
      0.0
    ],
    [
      0.6300000000000003,
      2.203026719065144,
      5.5502056927735515,
      0.0
    ],
    [
      0.6400000000000003,
      2.2209498694489085,
      5.550193278651643,
      0.0
    ],
    [
      0.6500000000000004,
      2.2384426084671016,
      5.550181162645805,
      0.0
    ],
    [
      0.6600000000000004,
      2.2554799981794265,
      5.550169362028816,
      0.0
    ],
    [
      0.6700000000000004,
      2.2720383018308334,
      5.550157893241481,
      0.0
    ],
    [
      0.6800000000000004,
      2.2880950639305278,
      5.5501467718371575,
      0.0
    ],
    [
      0.6900000000000004,
      2.3036291903309927,
      5.5501360124262975,
      0.0
    ],
    [
      0.7000000000000004,
      2.3186210283070023,
      5.550125628620979,
      0.0
    ],
    [
      0.7100000000000004,
      2.33305244663464,
      5.550115632979443,
      0.0
    ],
    [
      0.7200000000000004,
      2.3469069156703095,
      5.550106036950625,
      0.0
    ],
    [
      0.7300000000000004,
      2.3601695874297586,
      5.550096850818693,
      0.0
    ],
    [
      0.7400000000000004,
      2.3728273756670895,
      5.550088083647581,
      0.0
    ],
    [
      0.7500000000000004,
