{
  "meta_data": {
    "path_name": "4PieceSpikePart3",
    "sample_rate": 0.01
  },
  "commands": [],
  "key_points": [
    {
      "index": 0,
      "delta_time": 0,
      "time": 0.0,
      "x": 14.13,
      "y": 5.55,
      "angle": 0.0,
      "velocity_magnitude": 0,
      "velocity_theta": 0,
      "angular_velocity": 0
    },
    {
      "index": 1,
      "delta_time": 0.9,
      "time": 0.9,
      "x": 14.59,
      "y": 6.45,
      "angle": -0.5235987755982991,
      "velocity_magnitude": 0.857886582104594,
      "velocity_theta": 2.1479767104294214,
      "angular_velocity": 0
    },
    {
      "index": 2,
      "delta_time": 0.5,
      "time": 1.4,
      "x": 14.08,
      "y": 6.75,
      "angle": -0.5235987755982991,
      "velocity_magnitude": 0,
      "velocity_theta": 0,
      "angular_velocity": 0
    }
  ],
  "sampled_points": [
    [
      0,
      14.13,
      5.55,
      0.0
    ],
    [
      0.01,
      14.130008472268566,
      5.550008659347965,
      -7.063249855045452e-06
    ],
    [
      0.02,
      14.130066593572053,
      5.550068195003049,
      -5.556111094170734e-05
    ],
    [
      0.03,
      14.130220792158614,
      5.550226545507319,
      -0.00018435848246991862
    ],
    [
      0.04,
      14.130514057031235,
      5.550528508470826,
      -0.0004295749812413541
    ],
    [
      0.05,
      14.130986019722199,
      5.551015810864456,
      -0.0008246487854263673
    ],
    [
      0.060000000000000005,
      14.131673036067536,
      5.551727179312771,
      -0.0014004004783409248
    ],
    [
      0.07,
      14.132608267981473,
      5.552698410386865,
      -0.0021850968922235456
    ],
    [
      0.08,
      14.133821765230891,
      5.553962440897206,
      -0.003204514952012233
    ],
    [
      0.09,
      14.135340547209777,
      5.555549418186486,
      -0.004482005519121415
    ],
    [
      0.09999999999999999,
      14.137188684713678,
      5.55748677042247,
      -0.00603855723521888
    ],
    [
      0.10999999999999999,
      14.139387381714153,
      5.559799276890838,
      -0.00789286036600271
    ],
    [
      0.11999999999999998,
      14.141955057133224,
      5.56250913828804,
      -0.010061370644978218
    ],
    [
      0.12999999999999998,
      14.144907426617836,
      5.565636047014139,
      -0.012558373117234891
    ],
    [
      0.13999999999999999,
      14.148257584314303,
      5.56919725746566,
      -0.015396045983223316
    ],
    [
      0.15,
      14.152016084642765,
      5.57320765632844,
      -0.01858452444253212
    ],
    [
      0.16,
      14.15619102407164,
      5.577679832870468,
      -0.022131964537664903
    ],
    [
      0.17,
      14.160788122892079,
      5.582624149234745,
      -0.026044606997817184
    ],
    [
      0.18000000000000002,
      14.165810806992413,
      5.5880488107321185,
      -0.030326841082653332
    ],
    [
      0.19000000000000003,
      14.171260289632619,
      5.593959936134142,
      -0.03498126842608349
    ],
    [
      0.20000000000000004,
      14.177135653218755,
      5.6003616279659125,
      -0.04000876688004054
    ],
    [
      0.21000000000000005,
      14.183433931077433,
      5.607256042798926,
      -0.04540855435825702
    ],
    [
      0.22000000000000006,
      14.190150189230254,
      5.614643461543922,
      -0.051178252680042044
    ],
    [
      0.23000000000000007,
      14.197277608168276,
      5.62252235974373,
      -0.05731395141405826
    ],
    [
      0.24000000000000007,
      14.20480756462646,
      5.630889477866119,
      -0.0638102717220988
    ],
    [
      0.25000000000000006,
      14.212729713358119,
      5.639739891596645,
      -0.07066043020286415
    ],
    [
      0.26000000000000006,
      14.22103206890938,
      5.649067082131498,
      -0.07785630273573928
    ],
    [
      0.2700000000000001,
      14.229701087393634,
      5.658863006470351,
      -0.08538848832457022
    ],
    [
      0.2800000000000001,
      14.238721748265986,
      5.669118167709205,
      -0.09324637294144139
    ],
    [
      0.2900000000000001,
      14.248077636097713,
      5.67982168533324,
      -0.10141819337045223
    ],
    [
      0.3000000000000001,
      14.257751022350716,
      5.690961365509663,
      -0.10989110105149438
    ],
    [
      0.3100000000000001,
      14.267722947151967,
      5.702523771380549,
      -0.11865122592402842
    ],
    [
      0.3200000000000001,
      14.27797330106797,
      5.714494293355699,
      -0.12768374027086088
    ],
    [
      0.3300000000000001,
      14.288480906879213,
      5.726857219405478,
      -0.13697292256192126
    ],
    [
      0.34000000000000014,
      14.29922360135462,
      5.739595805353669,
      -0.1465022212980388
    ],
    [
      0.35000000000000014,
      14.310178317026,
      5.752692345170319,
      -0.1562543188547196
    ],
    [
      0.36000000000000015,
      14.32132116396251,
      5.766128241264586,
      -0.16621119532592338
    ],
    [
      0.37000000000000016,
      14.332627511545095,
      5.779884074777587,
      -0.17635419236784047
    ],
    [
      0.38000000000000017,
      14.344072070240953,
      5.7939396758752455,
      -0.18666407704266894
    ],
    [
      0.3900000000000002,
      14.355628973377984,
      5.80827419404114,
      -0.1971211056623911
    ],
    [
      0.4000000000000002,
      14.367271858919239,
      5.822866168369352,
      -0.20770508763255102
    ],
    [
      0.4100000000000002,
      14.37897395123738,
      5.837693597857311,
      -0.21839544929603094
    ],
    [
      0.4200000000000002,
      14.390708142889133,
      5.852734011698645,
      -0.22917129777682851
    ],
    [
      0.4300000000000002,
      14.40244707638973,
      5.867964539576027,
      -0.2400114848238335
    ],
    [
      0.4400000000000002,
      14.41416322598738,
      5.8833619819540255,
      -0.2508946706546052
    ],
    [
      0.45000000000000023,
      14.425828979437705,
      5.898902880371946,
      -0.26179938779914846
    ],
    [
      0.46000000000000024,
      14.437416719778206,
      5.914563587736684,
      -0.2727041049436918
    ],
    [
      0.47000000000000025,
      14.448898907102707,
      5.93032033861557,
      -0.2835872907744633
    ],
    [
      0.48000000000000026,
      14.460248160335816,
      5.946149319529223,
      -0.2944274778214684
    ],
    [
      0.49000000000000027,
      14.471437339007373,
      5.962026739244386,
      -0.30520332630226604
    ],
    [
      0.5000000000000002,
      14.482439625026906,
      5.977928899066788,
      -0.31589368796574596
    ],
    [
      0.5100000000000002,
      14.493228604458078,
      5.99383226313398,
      -0.3264776699359057
    ],
    [
      0.5200000000000002,
      14.503778349293151,
      6.009713528708191,
      -0.33693469855562796
    ],
    [
      0.5300000000000002,
      14.51406349922743,
      6.025549696469169,
      -0.3472445832304564
    ],
    [
      0.5400000000000003,
      14.52405934343372,
      6.041318140807037,
      -0.35738758027237355
    ],
    [
      0.5500000000000003,
      14.533741902336779,
      6.056996680115129,
      -0.3673444567435773
    ],
    [
      0.5600000000000003,
      14.54308800938777,
      6.072563647082851,
      -0.37709655430025807
    ],
    [
      0.5700000000000003,
      14.552075392838717,
      6.087997958988517,
      -0.38662585303637564
    ],
    [
      0.5800000000000003,
      14.560682757516952,
      6.1032791879922055,
      -0.395915035327436
    ],
    [
      0.5900000000000003,
      14.568889866599577,
      6.1183876314286,
      -0.4049475496742687
    ],
    [
      0.6000000000000003,
      14.57667762338791,
      6.133304382099843,
      -0.4137076745468025
    ],
    [
      0.6100000000000003,
      14.584028153081942,
      6.14801139856838,
      -0.4221805822278445
    ],
    [
      0.6200000000000003,
      14.590924884554784,
      6.162491575449808,
