{
  "meta_data": {
    "path_name": "4Piece1FarPart1",
    "sample_rate": 0.01
  },
  "key_points": [
    {
      "index": 0,
      "delta_time": 0.0,
      "time": 0.0,
      "x": 1.3877914416666668,
      "y": 5.55077034965035,
      "angle": 0.0,
      "velocity_magnitude": 0.0,
      "velocity_theta": 0.0,
      "angular_velocity": 0.0
    },
    {
      "index": 1,
      "delta_time": 1.0,
      "time": 1.0,
      "x": 2.556958204166667,
      "y": 5.55,
      "angle": 0.0,
      "velocity_magnitude": 1.0,
      "velocity_theta": 0.0,
      "angular_velocity": 0.0
    }
  ],
  "sampled_points": [
    [
      0,
      1.3877914416666668,
      5.55077034965035,
      0.0
    ],
    [
      0.01,
      1.3877990283607775,
      5.550770342061944,
      0.0
    ],
    [
      0.02,
      1.3878513018554388,
      5.550770289856427,
      0.0
    ],
    [
      0.03,
      1.3879906788808916,
      5.550770150903376,
      0.0
    ],
    [
      0.04,
      1.3882571435270459,
      5.550769885734698,
      0.0
    ],
    [
      0.05,
      1.3886882954234874,
      5.550769457489162,
      0.0
    ],
    [
      0.060000000000000005,
      1.3893193979194842,
      5.550768831856934,
      0.0
    ],
    [
      0.07,
      1.390183426263994,
      5.550767977024116,
      0.0
    ],
    [
      0.08,
      1.3913111157856712,
      5.550766863617276,
      0.0
    ],
    [
      0.09,
      1.3927310100728731,
      5.550765464647982,
      0.0
    ],
    [
      0.09999999999999999,
      1.3944695091536672,
      5.550763755457344,
      0.0
    ],
    [
      0.10999999999999999,
      1.3965509176758382,
      5.55076171366054,
      0.0
    ],
    [
      0.11999999999999998,
      1.3989974930868951,
      5.550759319091358,
      0.0
    ],
    [
      0.12999999999999998,
      1.4018294938140772,
      5.550756553746727,
      0.0
    ],
    [
      0.13999999999999999,
      1.4050652274443622,
      5.550753401731252,
      0.0
    ],
    [
      0.15,
      1.408721098904472,
      5.550749849201749,
      0.0
    ],
    [
      0.16,
      1.4128116586408805,
      5.550745884311782,
      0.0
    ],
    [
      0.17,
      1.4173496507998198,
      5.550741497156195,
      0.0
    ],
    [
      0.18000000000000002,
      1.4223460614072876,
      5.550736679715647,
      0.0
    ],
    [
      0.19000000000000003,
      1.427810166549054,
      5.550731425801151,
      0.0
    ],
    [
      0.20000000000000004,
      1.4337495805506675,
      5.550725730998602,
      0.0
    ],
    [
      0.21000000000000005,
      1.440170304157464,
      5.5507195926133175,
      0.0
    ],
    [
      0.22000000000000006,
      1.4470767727145715,
      5.55071300961457,
      0.0
    ],
    [
      0.23000000000000007,
      1.454471904346918,
      5.55070598258012,
      0.0
    ],
    [
      0.24000000000000007,
      1.4623571481392386,
      5.550698513640756,
      0.0
    ],
    [
      0.25000000000000006,
      1.4707325323160818,
      5.550690606424826,
      0.0
    ],
    [
      0.26000000000000006,
      1.479596712421817,
      5.550682266002769,
      0.0
    ],
    [
      0.2700000000000001,
      1.4889470195006407,
      5.5506734988316575,
      0.0
    ],
    [
      0.2800000000000001,
      1.498779508276584,
      5.550664312699726,
      0.0
    ],
    [
      0.2900000000000001,
      1.5090890053335195,
      5.550654716670907,
      0.0
    ],
    [
      0.3000000000000001,
      1.519869157295168,
      5.5506447210293715,
      0.0
    ],
    [
      0.3100000000000001,
      1.5311124790051047,
      5.550634337224053,
      0.0
    ],
    [
      0.3200000000000001,
      1.5428104017067679,
      5.550623577813194,
      0.0
    ],
    [
      0.3300000000000001,
      1.5549533212234639,
      5.55061245640887,
      0.0
    ],
    [
      0.34000000000000014,
      1.5675306461383751,
      5.550600987621534,
      0.0
    ],
    [
      0.35000000000000014,
      1.5805308459745666,
      5.5505891870045465,
      0.0
    ],
    [
      0.36000000000000015,
      1.5939414993749934,
      5.550577070998708,
      0.0
    ],
    [
      0.37000000000000016,
      1.6077493422825064,
      5.550564656876799,
      0.0
    ],
    [
      0.38000000000000017,
      1.6219403161198604,
      5.550551962688112,
      0.0
    ],
    [
      0.3900000000000002,
      1.6364996159697205,
      5.550539007202986,
      0.0
    ],
    [
      0.4000000000000002,
      1.6514117387546685,
      5.550525809857343,
      0.0
    ],
    [
      0.4100000000000002,
      1.6666605314172107,
      5.5505123906972225,
      0.0
    ],
    [
      0.4200000000000002,
      1.6822292390997844,
      5.550498770323314,
      0.0
    ],
    [
      0.4300000000000002,
      1.6981005533247648,
      5.550484969835494,
      0.0
    ],
    [
      0.4400000000000002,
      1.7142566601744715,
      5.55047101077736,
      0.0
    ],
    [
      0.45000000000000023,
      1.7306792884711766,
      5.55045691508077,
      0.0
    ],
    [
      0.46000000000000024,
      1.74734975795711,
      5.550442705010366,
      0.0
    ],
    [
      0.47000000000000025,
      1.7642490274744673,
      5.550428403108122,
      0.0
    ],
    [
      0.48000000000000026,
      1.781357743145417,
      5.550414032137868,
      0.0
    ],
    [
      0.49000000000000027,
      1.7986562865521063,
      5.550399615029834,
      0.0
    ],
    [
      0.5000000000000002,
      1.8161248229166689,
      5.550385174825175,
      0.0
    ],
    [
      0.5100000000000002,
      1.8337433492812316,
      5.550370734620517,
      0.0
    ],
    [
      0.5200000000000002,
      1.8514917426879207,
      5.550356317512483,
      0.0
    ],
    [
      0.5300000000000002,
      1.8693498083588704,
      5.550341946542229,
      0.0
    ],
    [
      0.5400000000000003,
      1.887297327876228,
      5.550327644639984,
      0.0
    ],
    [
      0.5500000000000003,
      1.9053141073621611,
      5.550313434569581,
      0.0
    ],
    [
      0.5600000000000003,
      1.9233800256588665,
      5.55029933887299,
      0.0
    ],
    [
      0.5700000000000003,
      1.9414750825085731,
      5.5502853798148575,
      0.0
    ],
    [
      0.5800000000000003,
      1.9595794467335532,
      5.550271579327037,
      0.0
    ],
    [
      0.5900000000000003,
      1.9776735044161269,
      5.550257958953129,
      0.0
    ],
    [
      0.6000000000000003,
      1.9957379070786692,
      5.550244539793008,
      0.0
    ],
    [
      0.6100000000000003,
      2.0137536198636172,
      5.550231342447365,
      0.0
    ],
    [
      0.6200000000000003,
      2.031701969713477,
      5.550218386962239,
      0.0
    ],
    [
      0.6300000000000003,
      2.049564693550831,
      5.5502056927735515,
      0.0
    ],
    [
      0.6400000000000003,
      2.0673239864583444,
      5.550193278651643,
      0.0
    ],
    [
      0.6500000000000004,
      2.084962549858771,
      5.550181162645805,
      0.0
    ],
    [
      0.6600000000000004,
      2.1024636396949625,
      5.550169362028816,
      0.0
    ],
    [
      0.6700000000000004,
      2.1198111146098735,
      5.550157893241481,
      0.0
    ],
    [
      0.6800000000000004,
      2.1369894841265697,
      5.5501467718371575,
      0.0
    ],
    [
      0.6900000000000004,
      2.153983956828233,
      5.5501360124262975,
      0.0
    ],
    [
      0.7000000000000004,
      2.1707804885381696,
      5.550125628620979,
      0.0
    ],
    [
      0.7100000000000004,
      2.187365830499818,
      5.550115632979443,
      0.0
    ],
    [
      0.7200000000000004,
      2.2037275775567533,
      5.550106036950625,
      0.0
    ],
    [
      0.7300000000000004,
      2.2198542163326964,
      5.550096850818693,
      0.0
    ],
    [
      0.7400000000000004,
      2.2357351734115207,
      5.550088083647581,
      0.0
    ],
    [
      0.7500000000000004,
