{
  "meta_data": {
    "path_name": "4PieceSpikePart3",
    "sample_rate": 0.01
  },
  "commands": [],
  "key_points": [
    {
      "index": 0,
      "delta_time": 0,
      "time": 0.0,
      "x": 14.13,
      "y": 5.55,
      "angle": 0.0,
      "velocity_magnitude": 0,
      "velocity_theta": 0,
      "angular_velocity": 0
    },
    {
      "index": 1,
      "delta_time": 0.9,
      "time": 0.9,
      "x": 14.59,
      "y": 6.45,
      "angle": -0.5235987755982991,
      "velocity_magnitude": 0.857886582104594,
      "velocity_theta": 1.6124389058934856,
      "angular_velocity": 0
    },
    {
      "index": 2,
      "delta_time": 0.5,
      "time": 1.4,
      "x": 14.08,
      "y": 6.75,
      "angle": -0.5235987755982991,
      "velocity_magnitude": 0,
      "velocity_theta": 0,
      "angular_velocity": 0
    }
  ],
  "sampled_points": [
    [
      0,
      14.13,
      5.55,
      0.0
    ],
    [
      0.01,
      14.13000637826805,
      5.550007989940558,
      -7.063249855045452e-06
    ],
    [
      0.02,
      14.130050168984113,
      5.550062944411784,
      -5.556111094170734e-05
    ],
    [
      0.03,
      14.130166453527337,
      5.550209174603174,
      -0.00018435848246991862
    ],
    [
      0.04,
      14.130387823064138,
      5.5504881541576845,
      -0.0004295749812413541
    ],
    [
      0.05,
      14.130744436596846,
      5.55093858187994,
      -0.0008246487854263673
    ],
    [
      0.060000000000000005,
      14.131264079012347,
      5.551596444444444,
      -0.0014004004783409248
    ],
    [
      0.07,
      14.131972219130724,
      5.552495079103795,
      -0.0021850968922235456
    ],
    [
      0.08,
      14.1328920677539,
      5.55366523639689,
      -0.003204514952012233
    ],
    [
      0.09,
      14.134044635714286,
      5.555135142857143,
      -0.004482005519121415
    ],
    [
      0.09999999999999999,
      14.135448791923416,
      5.556930563720687,
      -0.00603855723521888
    ],
    [
      0.10999999999999999,
      14.137121321420588,
      5.559074865634594,
      -0.00789286036600271
    ],
    [
      0.11999999999999998,
      14.139076983421518,
      5.5615890793650795,
      -0.010061370644978218
    ],
    [
      0.12999999999999998,
      14.141328569366967,
      5.564491962505715,
      -0.012558373117234891
    ],
    [
      0.13999999999999999,
      14.143886960971397,
      5.5678000621856425,
      -0.015396045983223316
    ],
    [
      0.15,
      14.146761188271606,
      5.571527777777778,
      -0.01858452444253212
    ],
    [
      0.16,
      14.14995848767537,
      5.575687423607028,
      -0.022131964537664903
    ],
    [
      0.17,
      14.15348436001009,
      5.580289291658501,
      -0.026044606997817184
    ],
    [
      0.18000000000000002,
      14.15734262857143,
      5.585341714285714,
      -0.030326841082653332
    ],
    [
      0.19000000000000003,
      14.161535497171961,
      5.590851126918806,
      -0.03498126842608349
    ],
    [
      0.20000000000000004,
      14.166063608189809,
      5.596822130772748,
      -0.04000876688004054
    ],
    [
      0.21000000000000005,
      14.170926100617285,
      5.6032575555555555,
      -0.04540855435825702
    ],
    [
      0.22000000000000006,
      14.176120668109537,
      5.610158522176497,
      -0.051178252680042044
    ],
    [
      0.23000000000000007,
      14.18164361703319,
      5.617524505454307,
      -0.05731395141405826
    ],
    [
      0.24000000000000007,
      14.187489924514992,
      5.625353396825396,
      -0.0638102717220988
    ],
    [
      0.25000000000000006,
      14.193653296490446,
      5.63364156705206,
      -0.07066043020286415
    ],
    [
      0.26000000000000006,
      14.200126225752463,
      5.642383928930694,
      -0.07785630273573928
    ],
    [
      0.2700000000000001,
      14.20690005,
      5.651573999999999,
      -0.08538848832457022
    ],
    [
      0.2800000000000001,
      14.213965009886705,
      5.661203965249199,
      -0.09324637294144139
    ],
    [
      0.2900000000000001,
      14.221310307069553,
      5.6712647398262455,
      -0.10141819337045223
    ],
    [
      0.3000000000000001,
      14.228924162257496,
      5.681746031746031,
      -0.10989110105149438
    ],
    [
      0.3100000000000001,
      14.236793873260101,
      5.692636404598602,
      -0.11865122592402842
    ],
    [
      0.3200000000000001,
      14.244905873036195,
      5.703923340257364,
      -0.12768374027086088
    ],
    [
      0.3300000000000001,
      14.253245787742504,
      5.715593301587301,
      -0.13697292256192126
    ],
    [
      0.34000000000000014,
      14.2617984947823,
      5.727631795153178,
      -0.1465022212980388
    ],
    [
      0.35000000000000014,
      14.270548180854036,
      5.740023433927754,
      -0.1562543188547196
    ],
    [
      0.36000000000000015,
      14.2794784,
      5.752751999999999,
      -0.16621119532592338
    ],
    [
      0.37000000000000016,
      14.288572131654945,
      5.765800507283297,
      -0.17635419236784047
    ],
    [
      0.38000000000000017,
      14.29781183869474,
      5.779151264223659,
      -0.18666407704266894
    ],
    [
      0.3900000000000002,
      14.307179525485008,
      5.792785936507936,
      -0.1971211056623911
    ],
    [
      0.4000000000000002,
      14.316656795929772,
      5.806685609772029,
      -0.20770508763255102
    ],
    [
      0.4100000000000002,
      14.326224911520093,
      5.820830852309099,
      -0.21839544929603094
    ],
    [
      0.4200000000000002,
      14.335864849382714,
      5.835201777777777,
      -0.22917129777682851
    ],
    [
      0.4300000000000002,
      14.345557360328709,
      5.849778107910379,
      -0.2400114848238335
    ],
    [
      0.4400000000000002,
      14.35528302690211,
      5.864539235221112,
      -0.2508946706546052
    ],
    [
      0.45000000000000023,
      14.36502232142857,
      5.879464285714286,
      -0.26179938779914846
    ],
    [
      0.46000000000000024,
      14.374755664063985,
      5.894532181592527,
      -0.2727041049436918
    ],
    [
      0.47000000000000025,
      14.384463480843149,
      5.909721703964987,
      -0.2835872907744633
    ],
    [
      0.48000000000000026,
      14.394126261728394,
      5.925011555555555,
      -0.2944274778214684
    ],
    [
      0.49000000000000027,
      14.40372461865823,
      5.940380423411065,
      -0.30520332630226604
    ],
    [
      0.5000000000000002,
      14.413239343595995,
      5.955807041609511,
      -0.31589368796574596
    ],
    [
      0.5100000000000002,
      14.42265146657848,
      5.971270253968253,
      -0.3264776699359057
    ],
    [
      0.5200000000000002,
      14.431942313764594,
      5.986749076752237,
      -0.33693469855562796
    ],
    [
      0.5300000000000002,
      14.44109356548399,
      6.0022227613821935,
      -0.3472445832304564
    ],
    [
      0.5400000000000003,
      14.450087314285712,
      6.017670857142857,
      -0.35738758027237355
    ],
    [
      0.5500000000000003,
      14.45890612298684,
      6.0330732738911745,
      -0.3673444567435773
    ],
    [
      0.5600000000000003,
      14.467533082721127,
      6.048410344764518,
      -0.37709655430025807
    ],
    [
      0.5700000000000003,
      14.475951870987652,
      6.063662888888889,
      -0.38662585303637564
    ],
    [
      0.5800000000000003,
      14.484146809699448,
      6.078812274087138,
      -0.395915035327436
    ],
    [
      0.5900000000000003,
      14.492102923232155,
      6.093840479587171,
      -0.4049475496742687
    ],
    [
      0.6000000000000003,
      14.49980599647266,
      6.108730158730158,
      -0.4137076745468025
    ],
    [
      0.6100000000000003,
      14.507242632867735,
      6.123464701678751,
      -0.4221805822278445
    ],
    [
      0.6200000000000003,
      14.514400312472688,
      6.138028298125286,
