{
  "meta_data": {
    "path_name": "4PieceSpikePart3",
    "sample_rate": 0.01
  },
  "key_points": [
    {
      "index": 0,
      "delta_time": 0.0,
      "time": 0.0,
      "x": 2.499925679166667,
      "y": 5.55,
      "angle": 0.0,
      "velocity_magnitude": 0,
      "velocity_theta": 0,
      "angular_velocity": 0
    },
    {
      "index": 1,
      "delta_time": 0.9,
      "time": 0.9,
      "x": 2.0436654791666666,
      "y": 6.45,
      "angle": 0.5235987755982988,
      "velocity_magnitude": 0.7506526945366966,
      "velocity_theta": 1.5290919211658849,
      "angular_velocity": 0
    },
    {
      "index": 2,
      "delta_time": 0.7,
      "time": 1.6,
      "x": 2.55,
      "y": 6.75,
      "angle": 0.5235987755982988,
      "velocity_magnitude": 0,
      "velocity_theta": 0,
      "angular_velocity": 0
    }
  ],
  "sampled_points": [
    [
      0,
      2.499925679166667,
      5.55,
      0.0
    ],
    [
      0.01,
      2.499919372742104,
      5.550008508802012,
      7.063249855045446e-06
    ],
    [
      0.02,
      2.499876074836394,
      5.550067014174668,
      5.55611109417073e-05
    ],
    [
      0.03,
      2.499761097592916,
      5.550222638888889,
      0.00018435848246991845
    ],
    [
      0.04,
      2.4995422140634123,
      5.55051943301326,
      0.00042957498124135396
    ],
    [
      0.05,
      2.4991896008577545,
      5.550998442501143,
      0.0008246487854263666
    ],
    [
      0.060000000000000005,
      2.49867578079371,
      5.551697777777777,
      0.001400400478340924
    ],
    [
      0.07,
      2.497975565546708,
      5.5526526823273885,
      0.002185096892223544
    ],
    [
      0.08,
      2.4970659982996057,
      5.553895601280292,
      0.0032045149520122307
    ],
    [
      0.09,
      2.4959262963924562,
      5.55545625,
      0.004482005519121412
    ],
    [
      0.09999999999999999,
      2.4945377939722735,
      5.557361682670324,
      0.006038557235218876
    ],
    [
      0.10999999999999999,
      2.4928838846428,
      5.559636360882487,
      0.007892860366002704
    ],
    [
      0.11999999999999998,
      2.490949964114272,
      5.562302222222222,
      0.010061370644978213
    ],
    [
      0.12999999999999998,
      2.4887233728531877,
      5.565378748856881,
      0.012558373117234883
    ],
    [
      0.13999999999999999,
      2.4861933387320714,
      5.568883036122542,
      0.015396045983223304
    ],
    [
      0.15,
      2.483350919679242,
      5.572829861111111,
      0.018584524442532103
    ],
    [
      0.16,
      2.4801889463285787,
      5.57723175125743,
      0.02213196453766489
    ],
    [
      0.17,
      2.4767019646692874,
      5.582099052926383,
      0.026044606997817164
    ],
    [
      0.18000000000000002,
      2.472886178695667,
      5.58744,
      0.030326841082653308
    ],
    [
      0.19000000000000003,
      2.468739393056877,
      5.593260782464563,
      0.03498126842608346
    ],
    [
      0.20000000000000004,
      2.4642609557067017,
      5.599565614997713,
      0.04000876688004051
    ],
    [
      0.21000000000000005,
      2.4594517005533194,
      5.6063568055555555,
      0.045408554358256976
    ],
    [
      0.22000000000000006,
      2.4543138901090664,
      5.613634823959762,
      0.05117825268004199
    ],
    [
      0.23000000000000007,
      2.4488511581402057,
      5.621398370484682,
      0.05731395141405821
    ],
    [
      0.24000000000000007,
      2.443068452316692,
      5.629644444444444,
      0.06381027172209874
    ],
    [
      0.25000000000000006,
      2.436971976861938,
      5.638368412780063,
      0.0706604302028641
    ],
    [
      0.26000000000000006,
      2.4305691352025818,
      5.647564078646547,
      0.07785630273573922
    ],
    [
      0.2700000000000001,
      2.423868472618253,
      5.657223749999999,
      0.08538848832457015
    ],
    [
      0.2800000000000001,
      2.41687961889134,
      5.6673383081847275,
      0.09324637294144131
    ],
    [
      0.2900000000000001,
      2.409613230956754,
      5.677897276520347,
      0.10141819337045214
    ],
    [
      0.3000000000000001,
      2.402080935551698,
      5.688888888888888,
      0.10989110105149429
    ],
    [
      0.3100000000000001,
      2.394295271865433,
      5.700300158321902,
      0.11865122592402828
    ],
    [
      0.3200000000000001,
      2.3862696341890426,
      5.712116945587562,
      0.12768374027086077
    ],
    [
      0.3300000000000001,
      2.378018214565201,
      5.724324027777778,
      0.13697292256192115
    ],
    [
      0.34000000000000014,
      2.36955594543794,
      5.73690516689529,
      0.14650222129803867
    ],
    [
      0.35000000000000014,
      2.360898442302414,
      5.749843178440786,
      0.15625431885471947
    ],
    [
      0.36000000000000015,
      2.3520619463546675,
      5.763119999999999,
      0.1662111953259232
    ],
    [
      0.37000000000000016,
      2.3430632671414005,
      5.776716759830817,
      0.1763541923678403
    ],
    [
      0.38000000000000017,
      2.333919725209736,
      5.790613845450388,
      0.1866640770426687
    ],
    [
      0.3900000000000002,
      2.3246490947569867,
      5.8047909722222215,
      0.1971211056623909
    ],
    [
      0.4000000000000002,
      2.3152695462804203,
      5.819227251943301,
      0.20770508763255086
    ],
    [
      0.4100000000000002,
      2.305799589227027,
      5.833901261431183,
      0.2183954492960308
    ],
    [
      0.4200000000000002,
      2.2962580146432847,
      5.848791111111111,
      0.22917129777682826
    ],
    [
      0.4300000000000002,
      2.2866638378249275,
      5.8638745136031085,
      0.24001148482383328
    ],
    [
      0.4400000000000002,
      2.27703624096671,
      5.8791288523090985,
      0.2508946706546049
    ],
    [
      0.45000000000000023,
      2.2673945158121755,
      5.894531249999999,
      0.2617993877991482
    ],
    [
      0.46000000000000024,
      2.257758006303421,
      5.910058637402834,
      0.2727041049436915
    ],
    [
      0.47000000000000025,
      2.248146051230865,
      5.925687821787837,
      0.28358729077446315
    ],
    [
      0.48000000000000026,
      2.2385779268830133,
      5.941395555555555,
      0.29442747782146805
    ],
    [
      0.49000000000000027,
      2.2290727896962252,
      5.9571586048239595,
      0.3052033263022657
    ],
    [
      0.5000000000000002,
      2.2196496189044805,
      5.9729538180155455,
      0.31589368796574563
    ],
    [
      0.5100000000000002,
      2.2103271591891462,
      5.9887581944444435,
      0.3264776699359054
    ],
    [
      0.5200000000000002,
      2.2011238633287418,
      6.00454895290352,
      0.33693469855562763
    ],
    [
      0.5300000000000002,
      2.1920578348487068,
      6.020303600251485,
      0.34724458323045604
    ],
    [
      0.5400000000000003,
      2.1831467706711676,
      6.036,
      0.3573875802723731
    ],
    [
      0.5500000000000003,
      2.1744079037647017,
      6.051616440900777,
      0.36734445674357685
    ],
    [
      0.5600000000000003,
      2.165857945794108,
      6.0671317055326925,
      0.37709655430025757
    ],
    [
      0.5700000000000003,
      2.157513029770168,
      6.082525138888888,
      0.3866258530363752
    ],
    [
      0.5800000000000003,
      2.149388652699418,
      6.097776716963877,
      0.3959150353274356
    ],
    [
      0.5900000000000003,
      2.141499618233912,
      6.1128671153406495,
      0.4049475496742679
    ],
    [
      0.6000000000000003,
      2.1338599793209885,
      6.127777777777778,
      0.41370767454680213
    ],
    [
      0.6100000000000003,
      2.1264829808530377,
      6.142490984796526,
      0.4221805822278441
    ],
    [
      0.6200000000000003,
      2.119381002317268,
      6.156989922267948,
      0.4303524026568549
    ],
    [
      0.6300000000000003,
