{
  "meta_data": {
    "path_name": "4PieceSpikePart3",
    "sample_rate": 0.01
  },
  "commands": [
    
  ],
  "key_points": [
    {
      "index": 0,
      "delta_time": 0.0,
      "time": 0.0,
      "x": 2.499925679166667,
      "y": 5.55,
      "angle": 0.0,
      "velocity_magnitude": 0,
      "velocity_theta": 0,
      "angular_velocity": 0
    },
    {
      "index": 1,
      "delta_time": 0.9,
      "time": 0.9,
      "x": 2.0436654791666666,
      "y": 6.45,
      "angle": 0.5235987755982988,
      "velocity_magnitude": 0.8578887937562247,
      "velocity_theta": 1.5290919211658849,
      "angular_velocity": 0
    },
    {
      "index": 2,
      "delta_time": 0.5,
      "time": 1.4,
      "x": 2.55,
      "y": 6.75,
      "angle": 0.5235987755982988,
      "velocity_magnitude": 0,
      "velocity_theta": 0,
      "angular_velocity": 0
    }
  ],
  "sampled_points": [
    [
      0,
      2.499925679166667,
      5.55,
      0.0
    ],
    [
      0.01,
      2.4999193510907416,
      5.550007989940558,
      7.063249855045446e-06
    ],
    [
      0.02,
      2.4998759050108834,
      5.550062944411784,
      5.55611109417073e-05
    ],
    [
      0.03,
      2.4997605357471135,
      5.550209174603174,
      0.00018435848246991845
    ],
    [
      0.04,
      2.499540908840538,
      5.5504881541576845,
      0.00042957498124135396
    ],
    [
      0.05,
      2.4991871029577952,
      5.55093858187994,
      0.0008246487854263666
    ],
    [
      0.060000000000000005,
      2.4986715522955065,
      5.551596444444444,
      0.001400400478340924
    ],
    [
      0.07,
      2.4979689889847227,
      5.552495079103795,
      0.002185096892223544
    ],
    [
      0.08,
      2.4970563854953722,
      5.55366523639689,
      0.0032045149520122307
    ],
    [
      0.09,
      2.4959128970407116,
      5.555135142857143,
      0.004482005519121412
    ],
    [
      0.09999999999999999,
      2.494519803981772,
      5.556930563720687,
      0.006038557235218876
    ],
    [
      0.10999999999999999,
      2.492860454231809,
      5.559074865634594,
      0.007892860366002704
    ],
    [
      0.11999999999999998,
      2.4909202056607485,
      5.5615890793650795,
      0.010061370644978213
    ],
    [
      0.12999999999999998,
      2.4886863684996383,
      5.564491962505715,
      0.012558373117234883
    ],
    [
      0.13999999999999999,
      2.4861481477450957,
      5.5678000621856425,
      0.015396045983223304
    ],
    [
      0.15,
      2.4832965855637545,
      5.571527777777778,
      0.018584524442532103
    ],
    [
      0.16,
      2.4801245036967137,
      5.575687423607028,
      0.02213196453766489
    ],
    [
      0.17,
      2.4766264458639875,
      5.580289291658501,
      0.026044606997817164
    ],
    [
      0.18000000000000002,
      2.4727986201689527,
      5.585341714285714,
      0.030326841082653308
    ],
    [
      0.19000000000000003,
      2.468638841502797,
      5.590851126918806,
      0.03498126842608346
    ],
    [
      0.20000000000000004,
      2.4641464739489667,
      5.596822130772748,
      0.04000876688004051
    ],
    [
      0.21000000000000005,
      2.459322373187617,
      5.6032575555555555,
      0.045408554358256976
    ],
    [
      0.22000000000000006,
      2.4541688289000594,
      5.610158522176497,
      0.05117825268004199
    ],
    [
      0.23000000000000007,
      2.448689507173209,
      5.617524505454307,
      0.05731395141405821
    ],
    [
      0.24000000000000007,
      2.442889392904036,
      5.625353396825396,
      0.06381027172209874
    ],
    [
      0.25000000000000006,
      2.4367747322040096,
      5.63364156705206,
      0.0706604302028641
    ],
    [
      0.26000000000000006,
      2.4303529748035513,
      5.642383928930694,
      0.07785630273573922
    ],
    [
      0.2700000000000001,
      2.42363271645648,
      5.651573999999999,
      0.08538848832457015
    ],
    [
      0.2800000000000001,
      2.4166236413444606,
      5.661203965249199,
      0.09324637294144131
    ],
    [
      0.2900000000000001,
      2.4093364644814548,
      5.6712647398262455,
      0.10141819337045214
    ],
    [
      0.3000000000000001,
      2.4017828741181666,
      5.681746031746031,
      0.10989110105149429
    ],
    [
      0.3100000000000001,
      2.393975474146493,
      5.692636404598602,
      0.11865122592402828
    ],
    [
      0.3200000000000001,
      2.385927726503971,
      5.703923340257364,
      0.12768374027086077
    ],
    [
      0.3300000000000001,
      2.377653893578226,
      5.715593301587301,
      0.13697292256192115
    ],
    [
      0.34000000000000014,
      2.3691689806114224,
      5.727631795153178,
      0.14650222129803867
    ],
    [
      0.35000000000000014,
      2.3604886781047085,
      5.740023433927754,
      0.15625431885471947
    ],
    [
      0.36000000000000015,
      2.3516293042226675,
      5.752751999999999,
      0.1662111953259232
    ],
    [
      0.37000000000000016,
      2.342607747197765,
      5.765800507283297,
      0.1763541923678403
    ],
    [
      0.38000000000000017,
      2.3334414077347985,
      5.779151264223659,
      0.1866640770426687
    ],
    [
      0.3900000000000002,
      2.324148141415343,
      5.792785936507936,
      0.1971211056623909
    ],
    [
      0.4000000000000002,
      2.314746201102203,
      5.806685609772029,
      0.20770508763255086
    ],
    [
      0.4100000000000002,
      2.3052541793438586,
      5.820830852309099,
      0.2183954492960308
    ],
    [
      0.4200000000000002,
      2.2956909507789147,
      5.835201777777777,
      0.22917129777682826
    ],
    [
      0.4300000000000002,
      2.2860756145405485,
      5.849778107910379,
      0.24001148482383328
    ],
    [
      0.4400000000000002,
      2.2764274366609607,
      5.864539235221112,
      0.2508946706546049
    ],
    [
      0.45000000000000023,
      2.2667657924758196,
      5.879464285714286,
      0.2617993877991482
    ],
    [
      0.46000000000000024,
      2.2571101090287127,
      5.894532181592527,
      0.2727041049436915
    ],
    [
      0.47000000000000025,
      2.247479807475595,
      5.909721703964987,
      0.28358729077446315
    ],
    [
      0.48000000000000026,
      2.2378942454892354,
      5.925011555555555,
      0.29442747782146805
    ],
    [
      0.49000000000000027,
      2.2283726596636675,
      5.940380423411065,
      0.3052033263022657
    ],
    [
      0.5000000000000002,
      2.2189341079186367,
      5.955807041609511,
      0.31589368796574563
    ],
    [
      0.5100000000000002,
      2.2095974119040473,
      5.971270253968253,
      0.3264776699359054
    ],
    [
      0.5200000000000002,
      2.2003810994044146,
      5.986749076752237,
      0.33693469855562763
    ],
    [
      0.5300000000000002,
      2.19130334674331,
      6.0022227613821935,
      0.34724458323045604
    ],
    [
      0.5400000000000003,
      2.1823819211878104,
      6.017670857142857,
      0.3573875802723731
    ],
    [
      0.5500000000000003,
      2.173634123352948,
      6.0330732738911745,
      0.36734445674357685
    ],
    [
      0.5600000000000003,
      2.165076729606156,
      6.048410344764518,
      0.37709655430025757
    ],
    [
      0.5700000000000003,
      2.1567259344717193,
      6.063662888888889,
      0.3866258530363752
    ],
    [
      0.5800000000000003,
      2.1485972930352224,
      6.078812274087138,
      0.3959150353274356
    ],
    [
      0.5900000000000003,
      2.140705663347997,
      6.093840479587171,
      0.4049475496742679
    ],
    [
      0.6000000000000003,
      2.1330651488315704,
      6.108730158730158,
      0.41370767454680213
    ],
    [
      0.6100000000000003,
      2.1256890406821167,
      6.123464701678751,
      0.4221805822278441
    ],
    [
      0.6200000000000003,
      2.118589760274901,
      6.138028298125286,
