{
  "meta_data": {
    "path_name": "5PiecePart5",
    "sample_rate": 0.01
  },
  "commands": [
    
  ],
  "key_points": [
    {
      "index": 0,
      "delta_time": 0.0,
      "time": 0.0,
      "x": 7.9,
      "y": 7.45,
      "angle": 0.0,
      "velocity_magnitude": 0,
      "velocity_theta": 0,
      "angular_velocity": 0
    },
    {
      "index": 1,
      "delta_time": 1.2,
      "time": 1.2,
      "x": 6.0,
      "y": 6.555651188811188,
      "angle": 0.17453292519943295,
      "velocity_magnitude": 0,
      "velocity_theta": 0,
      "angular_velocity": 0
    }
  ],
  "sampled_points": [
    [
      0,
      7.9,
      7.45,
      0.0
    ],
    [
      0.01,
      7.899989141613619,
      7.449994888850026,
      9.97445230556159e-07
    ],
    [
      0.02,
      7.899914221450618,
      7.449959623187544,
      7.879569022704927e-06
    ],
    [
      0.03,
      7.899714146484375,
      7.449865445920067,
      2.625834224241479e-05
    ],
    [
      0.04,
      7.899331012345679,
      7.449685100887715,
      6.145282748998392e-05
    ],
    [
      0.05,
      7.8987100483458725,
      7.449392806985074,
      0.00011849422924255167
    ],
    [
      0.060000000000000005,
      7.8977995625,
      7.448964232283042,
      0.00020213094399661012
    ],
    [
      0.07,
      7.896550886549962,
      7.448376468150686,
      0.0003168336104105158
    ],
    [
      0.08,
      7.894918320987655,
      7.447608003377087,
      0.00046680015944700087
    ],
    [
      0.09,
      7.892859080078125,
      7.4466386982931985,
      0.0006559608645156851
    ],
    [
      0.09999999999999999,
      7.890333236882716,
      7.445449758893691,
      0.0008879833916155877
    ],
    [
      0.10999999999999999,
      7.887303668282215,
      7.4440237109588105,
      0.0011662778494776372
    ],
    [
      0.11999999999999998,
      7.883736,
      7.442344374176224,
      0.0014940018397071857
    ],
    [
      0.12999999999999998,
      7.879598551625193,
      7.440396836262875,
      0.0018740655069265182
    ],
    [
      0.13999999999999999,
      7.874862281635802,
      7.438167427086832,
      0.0023091365889173652
    ],
    [
      0.15,
      7.869500732421875,
      7.435643692789144,
      0.002801645466763414
    ],
    [
      0.16,
      7.863489975308641,
      7.432814369905689,
      0.00335379021499282
    ],
    [
      0.17,
      7.856808555579668,
      7.429669359489026,
      0.003967541651720719
    ],
    [
      0.18000000000000002,
      7.8494374375,
      7.426199701230244,
      0.004644648388791736
    ],
    [
      0.19000000000000003,
      7.841359949339313,
      7.422397547580823,
      0.005386641881922503
    ],
    [
      0.20000000000000004,
      7.832561728395061,
      7.4182561378744705,
      0.006194841480844163
    ],
    [
      0.21000000000000005,
      7.823030666015624,
      7.413769772448989,
      0.0070703594794448875
    ],
    [
      0.22000000000000006,
      7.812756852623456,
      7.408933786768115,
      0.008014106165912385
    ],
    [
      0.23000000000000007,
      7.801732522738232,
      7.403744525543376,
      0.009026794872876413
    ],
    [
      0.24000000000000007,
      7.789951999999999,
      7.398199316855943,
      0.010108947027551286
    ],
    [
      0.25000000000000006,
      7.777411642192321,
      7.392296446278481,
      0.011260897201878395
    ],
    [
      0.26000000000000006,
      7.764109786265431,
      7.386035130996997,
      0.012482798162668726
    ],
    [
      0.2700000000000001,
      7.750046693359374,
      7.379415493932697,
      0.013774625921745338
    ],
    [
      0.2800000000000001,
      7.735224493827159,
      7.372438537863834,
      0.015136184786085909
    ],
    [
      0.2900000000000001,
      7.719647132257907,
      7.365106119547561,
      0.01656711240796524
    ],
    [
      0.3000000000000001,
      7.703320312499998,
      7.357420923841782,
      0.018066884835097753
    ],
    [
      0.3100000000000001,
      7.686251442684219,
      7.349386437827004,
      0.019634821560780013
    ],
    [
      0.3200000000000001,
      7.668449580246912,
      7.341006924928187,
      0.021270090574033243
    ],
    [
      0.3300000000000001,
      7.649925376953123,
      7.3322873990365975,
      0.022971713409745836
    ],
    [
      0.34000000000000014,
      7.63069102391975,
      7.323233598631659,
      0.024738570198815837
    ],
    [
      0.35000000000000014,
      7.610760196638694,
      7.313851960902805,
      0.026569404718293516
    ],
    [
      0.36000000000000015,
      7.5901479999999975,
      7.304149595871327,
      0.02846282944152381
    ],
    [
      0.37000000000000016,
      7.5688709133150045,
      7.29413426051223,
      0.03041733058828888
    ],
    [
      0.38000000000000017,
      7.546946735339503,
      7.283814332876082,
      0.03243127317495061
    ],
    [
      0.3900000000000002,
      7.524394529296871,
      7.273198786210865,
      0.03450290606459313
    ],
    [
      0.4000000000000002,
      7.501234567901231,
      7.2622971630838276,
      0.03663036701716529
    ],
    [
      0.4100000000000002,
      7.477488278380591,
      7.251119549503338,
      0.0388116877396232
    ],
    [
      0.4200000000000002,
      7.453178187499996,
      7.239676549040732,
      0.04104479893607278
    ],
    [
      0.4300000000000002,
      7.428327866584679,
      7.2279792569521675,
      0.043327535357912166
    ],
    [
      0.4400000000000002,
      7.4029618765432055,
      7.216039234300473,
      0.04565764085397434
    ],
    [
      0.45000000000000023,
      7.377105712890621,
      7.203868482077003,
      0.048032773420669576
    ],
    [
      0.46000000000000024,
      7.350785750771601,
      7.191479415323487,
      0.05045051025212793
    ],
    [
      0.47000000000000025,
      7.324029189983598,
      7.178884837253881,
      0.052908352790341805
    ],
    [
      0.48000000000000026,
      7.296863999999995,
      7.1660979133762215,
      0.05540373177530849
    ],
    [
      0.49000000000000027,
      7.269318864993243,
      7.153132145614472,
      0.057934012295172525
    ],
    [
      0.5000000000000002,
      7.2414231288580195,
      7.14000134643038,
      0.06049649883636838
    ],
    [
      0.5100000000000002,
      7.213206740234369,
      7.126719612945326,
      0.06308844033376292
    ],
    [
      0.5200000000000002,
      7.184700197530859,
      7.113301301062174,
      0.06570703522079782
    ],
    [
      0.5300000000000002,
      7.155934493947718,
      7.099760999587126,
      0.0683494364796322
    ],
    [
      0.5400000000000003,
      7.126941062499994,
      7.08611350435157,
      0.07101275669128508
    ],
    [
      0.5500000000000003,
      7.097751721040696,
      7.072373792333935,
      0.07369407308577791
    ],
    [
      0.5600000000000003,
      7.068398617283944,
      7.058556995781538,
      0.07639043259227705
    ],
    [
      0.5700000000000003,
      7.038914173828118,
      7.044678376332443,
      0.07909885688923629
    ],
    [
      0.5800000000000003,
      7.009331033179006,
      7.030753299137303,
      0.08181634745453939
    ],
    [
      0.5900000000000003,
      6.9796820027729485,
      7.01679720698122,
      0.08453989061564261
    ],
    [
      0.6000000000000003,
      6.949999999999993,
      7.002825594405591,
      0.08726646259971711
    ],
    [
      0.6100000000000003,
      6.920317997227038,
      6.988853981829961,
      0.08999303458379163
    ],
    [
      0.6200000000000003,
      6.89066896682098,
      6.974897889673878,
      0.09271657774489486
    ],
    [
      0.6300000000000003,
      6.861085826171867,
      6.9609728124787384,
      0.09543406831019795
    ],
    [
      0.6400000000000003,
      6.831601382716041,
      6.947094193029643,
      0.09814249260715721
    ],
    [
      0.6500000000000004,
      6.80224827895929,
