{
  "meta_data": {
    "path_name": "5PiecePart5",
    "sample_rate": 0.01
  },
  "commands": [],
  "key_points": [
    {
      "index": 0,
      "delta_time": 0,
      "time": 0.0,
      "x": 8.73,
      "y": 7.445688503496503,
      "angle": 0.0,
      "velocity_magnitude": 0,
      "velocity_theta": 0,
      "angular_velocity": 0
    },
    {
      "index": 1,
      "delta_time": 1.2,
      "time": 1.2,
      "x": 10.63,
      "y": 6.56,
      "angle": -0.17453292519943275,
      "velocity_magnitude": 0,
      "velocity_theta": 0,
      "angular_velocity": 0
    }
  ],
  "sampled_points": [
    [
      0,
      8.73,
      7.445688503496503,
      0.0
    ],
    [
      0.01,
      8.730010858386382,
      7.445683441839669,
      -9.97445230556158e-07
    ],
    [
      0.02,
      8.730085778549384,
      7.445648517667537,
      -7.879569022704918e-06
    ],
    [
      0.03,
      8.730285853515625,
      7.4455552523530955,
      -2.6258342242414765e-05
    ],
    [
      0.04,
      8.73066898765432,
      7.445376653667864,
      -6.145282748998384e-05
    ],
    [
      0.05,
      8.731289951654128,
      7.4450871901543305,
      -0.00011849422924255153
    ],
    [
      0.060000000000000005,
      8.732200437500001,
      7.444662765498391,
      -0.0002021309439966099
    ],
    [
      0.07,
      8.733449113450039,
      7.44408069290179,
      -0.0003168336104105154
    ],
    [
      0.08,
      8.735081679012346,
      7.443319669454558,
      -0.0004668001594470003
    ],
    [
      0.09,
      8.737140919921876,
      7.442359750507453,
      -0.0006559608645156845
    ],
    [
      0.09999999999999999,
      8.739666763117285,
      7.441182324044396,
      -0.0008879833916155866
    ],
    [
      0.10999999999999999,
      8.742696331717786,
      7.439770085054913,
      -0.0011662778494776359
    ],
    [
      0.11999999999999998,
      8.746264,
      7.438107009906573,
      -0.0014940018397071842
    ],
    [
      0.12999999999999998,
      8.750401448374808,
      7.436178330717427,
      -0.0018740655069265162
    ],
    [
      0.13999999999999999,
      8.755137718364198,
      7.433970509728448,
      -0.002309136588917363
    ],
    [
      0.15,
      8.760499267578126,
      7.431471213675971,
      -0.002801645466763411
    ],
    [
      0.16,
      8.766510024691359,
      7.428669288164129,
      -0.0033537902149928162
    ],
    [
      0.17,
      8.773191444420332,
      7.425554732037294,
      -0.0039675416517207145
    ],
    [
      0.18000000000000002,
      8.780562562500002,
      7.422118671752516,
      -0.004644648388791731
    ],
    [
      0.19000000000000003,
      8.788640050660687,
      7.418353335751964,
      -0.005386641881922497
    ],
    [
      0.20000000000000004,
      8.797438271604939,
      7.414252028835361,
      -0.006194841480844157
    ],
    [
      0.21000000000000005,
      8.806969333984377,
      7.4098091065324265,
      -0.007070359479444879
    ],
    [
      0.22000000000000006,
      8.817243147376544,
      7.4050199494753155,
      -0.008014106165912378
    ],
    [
      0.23000000000000007,
      8.828267477261768,
      7.399880937771054,
      -0.0090267948728764
    ],
    [
      0.24000000000000007,
      8.840048000000001,
      7.394389425373984,
      -0.010108947027551276
    ],
    [
      0.25000000000000006,
      8.85258835780768,
      7.388543714458199,
      -0.011260897201878384
    ],
    [
      0.26000000000000006,
      8.86589021373457,
      7.382343029789982,
      -0.012482798162668712
    ],
    [
      0.2700000000000001,
      8.879953306640628,
      7.375787493100246,
      -0.013774625921745323
    ],
    [
      0.2800000000000001,
      8.894775506172842,
      7.368878097456975,
      -0.015136184786085891
    ],
    [
      0.2900000000000001,
      8.910352867742093,
      7.3616166816376625,
      -0.016567112407965216
    ],
    [
      0.3000000000000001,
      8.926679687500002,
      7.354005904501746,
      -0.01806688483509773
    ],
    [
      0.3100000000000001,
      8.943748557315782,
      7.346049219363055,
      -0.019634821560779996
    ],
    [
      0.3200000000000001,
      8.96155041975309,
      7.33775084836224,
      -0.021270090574033222
    ],
    [
      0.3300000000000001,
      8.980074623046878,
      7.329115756839218,
      -0.022971713409745808
    ],
    [
      0.34000000000000014,
      8.99930897608025,
      7.320149627705613,
      -0.024738570198815812
    ],
    [
      0.35000000000000014,
      9.019239803361307,
      7.3108588358171875,
      -0.026569404718293485
    ],
    [
      0.36000000000000015,
      9.039852000000003,
      7.301250422346292,
      -0.02846282944152378
    ],
    [
      0.37000000000000016,
      9.061129086684996,
      7.2913320691542935,
      -0.030417330588288844
    ],
    [
      0.38000000000000017,
      9.083053264660498,
      7.2811120731640235,
      -0.03243127317495058
    ],
    [
      0.3900000000000002,
      9.105605470703129,
      7.270599320732211,
      -0.034502906064593095
    ],
    [
      0.4000000000000002,
      9.128765432098769,
      7.259803262021927,
      -0.03663036701716525
    ],
    [
      0.4100000000000002,
      9.15251172161941,
      7.248733885375016,
      -0.03881168773962316
    ],
    [
      0.4200000000000002,
      9.176821812500005,
      7.237401691684543,
      -0.041044798936072734
    ],
    [
      0.4300000000000002,
      9.201672133415322,
      7.22581766876723,
      -0.043327535357912124
    ],
    [
      0.4400000000000002,
      9.227038123456795,
      7.213993265735893,
      -0.045657640853974286
    ],
    [
      0.45000000000000023,
      9.25289428710938,
      7.201940367371884,
      -0.048032773420669514
    ],
    [
      0.46000000000000024,
      9.279214249228401,
      7.189671268497525,
      -0.050450510252127864
    ],
    [
      0.47000000000000025,
      9.305970810016403,
      7.177198648348558,
      -0.05290835279034175
    ],
    [
      0.48000000000000026,
      9.333136000000005,
      7.16453554494657,
      -0.055403731775308405
    ],
    [
      0.49000000000000027,
      9.360681135006757,
      7.151695329471445,
      -0.057934012295172456
    ],
    [
      0.5000000000000002,
      9.38857687114198,
      7.138691680633793,
      -0.06049649883636831
    ],
    [
      0.5100000000000002,
      9.416793259765631,
      7.125538559047394,
      -0.06308844033376283
    ],
    [
      0.5200000000000002,
      9.445299802469142,
      7.112250181601641,
      -0.06570703522079774
    ],
    [
      0.5300000000000002,
      9.474065506052282,
      7.098840995833969,
      -0.06834943647963213
    ],
    [
      0.5400000000000003,
      9.503058937500006,
      7.085325654302305,
      -0.07101275669128501
    ],
    [
      0.5500000000000003,
      9.532248278959305,
      7.071718988957497,
      -0.07369407308577783
    ],
    [
      0.5600000000000003,
      9.561601382716056,
      7.058035985515763,
      -0.07639043259227694
    ],
    [
      0.5700000000000003,
      9.59108582617188,
      7.044291757831123,
      -0.07909885688923618
    ],
    [
      0.5800000000000003,
      9.620668966820995,
      7.030501522267838,
      -0.0818163474545393
    ],
    [
      0.5900000000000003,
      9.650317997227052,
      7.016680572072858,
      -0.08453989061564249
    ],
    [
      0.6000000000000003,
      9.680000000000007,
      7.0028442517482485,
      -0.08726646259971702
    ],
    [
      0.6100000000000003,
      9.709682002772963,
      6.989007931423639,
      -0.08999303458379156
    ],
    [
      0.6200000000000003,
      9.73933103317902,
      6.975186981228658,
      -0.09271657774489472
    ],
    [
      0.6300000000000003,
      9.768914173828133,
      6.9613967456653745,
      -0.09543406831019784
    ],
    [
      0.6400000000000003,
      9.798398617283958,
      6.947652517980734,
