{
  "meta_data": {
    "path_name": "5PiecePart5",
    "sample_rate": 0.01
  },
  "key_points": [
    {
      "index": 0,
      "delta_time": 0.0,
      "time": 0.0,
      "x": 7.85,
      "y": 7.45,
      "angle": 0.0,
      "velocity_magnitude": 0,
      "velocity_theta": 0,
      "angular_velocity": 0
    },
    {
      "index": 1,
      "delta_time": 1.3,
      "time": 1.3,
      "x": 4.942818833333334,
      "y": 6.526940307692306,
      "angle": 0.0,
      "velocity_magnitude": 2.1989185568481373,
      "velocity_theta": -2.71944625337021,
      "angular_velocity": 0
    },
    {
      "index": 2,
      "delta_time": 0.5,
      "time": 1.8,
      "x": 4.239417691666667,
      "y": 5.828308867132867,
      "angle": 0.0,
      "velocity_magnitude": 0,
      "velocity_theta": 0,
      "angular_velocity": 0
    }
  ],
  "sampled_points": [
    [
      0,
      7.85,
      7.45,
      0.0
    ],
    [
      0.01,
      7.849991603651639,
      7.449997950664492,
      0.0
    ],
    [
      0.02,
      7.8499335331720665,
      7.449983762190612,
      0.0
    ],
    [
      0.03,
      7.849778036325836,
      7.449945723900683,
      0.0
    ],
    [
      0.04,
      7.8494794292257435,
      7.4498725865798665,
      0.0
    ],
    [
      0.05,
      7.848994065240961,
      7.449753555932456,
      0.0
    ],
    [
      0.060000000000000005,
      7.848280303905176,
      7.449578286038171,
      0.0
    ],
    [
      0.07,
      7.84729847982473,
      7.4493368728084475,
      0.0
    ],
    [
      0.08,
      7.846010871586759,
      7.449019847442732,
      0.0
    ],
    [
      0.09,
      7.8443816706673335,
      7.448618169884773,
      0.0
    ],
    [
      0.09999999999999999,
      7.8423769503395935,
      7.4481232222789115,
      0.0
    ],
    [
      0.10999999999999999,
      7.839964634581889,
      7.447526802426377,
      0.0
    ],
    [
      0.11999999999999998,
      7.837114466985921,
      7.446821117241577,
      0.0
    ],
    [
      0.12999999999999998,
      7.833797979664875,
      7.445998776208392,
      0.0
    ],
    [
      0.13999999999999999,
      7.829988462161567,
      7.445052784836464,
      0.0
    ],
    [
      0.15,
      7.825660930356578,
      7.443976538117492,
      0.0
    ],
    [
      0.16,
      7.820792095376391,
      7.442763813981524,
      0.0
    ],
    [
      0.17,
      7.815360332501537,
      7.441408766753249,
      0.0
    ],
    [
      0.18000000000000002,
      7.809345650074724,
      7.43990592060829,
      0.0
    ],
    [
      0.19000000000000003,
      7.802729658408986,
      7.438250163029491,
      0.0
    ],
    [
      0.20000000000000004,
      7.795495538695815,
      7.43643673826322,
      0.0
    ],
    [
      0.21000000000000005,
      7.7876280119133,
      7.4344612407756525,
      0.0
    ],
    [
      0.22000000000000006,
      7.779113307734272,
      7.432319608709065,
      0.0
    ],
    [
      0.23000000000000007,
      7.769939133434434,
      7.430008117338133,
      0.0
    ],
    [
      0.24000000000000007,
      7.7600946428005075,
      7.427523372526217,
      0.0
    ],
    [
      0.25000000000000006,
      7.7495704050383685,
      7.424862304181656,
      0.0
    ],
    [
      0.26000000000000006,
      7.7383583736811845,
      7.422022159714063,
      0.0
    ],
    [
      0.2700000000000001,
      7.726451855497555,
      7.419000497490617,
      0.0
    ],
    [
      0.2800000000000001,
      7.713845479399653,
      7.415795180292351,
      0.0
    ],
    [
      0.2900000000000001,
      7.700535165351359,
      7.412404368770448,
      0.0
    ],
    [
      0.3000000000000001,
      7.686518093276401,
      7.408826514902533,
      0.0
    ],
    [
      0.3100000000000001,
      7.6717926719664975,
      7.405060355448965,
      0.0
    ],
    [
      0.3200000000000001,
      7.656358507989491,
      7.401104905409129,
      0.0
    ],
    [
      0.3300000000000001,
      7.640216374597492,
      7.39695945147773,
      0.0
    ],
    [
      0.34000000000000014,
      7.623368180635011,
      7.39262354550108,
      0.0
    ],
    [
      0.35000000000000014,
      7.605816939447106,
      7.388096997933401,
      0.0
    ],
    [
      0.36000000000000015,
      7.587566737787513,
      7.383379871293105,
      0.0
    ],
    [
      0.37000000000000016,
      7.568622704726789,
      7.378472473619094,
      0.0
    ],
    [
      0.38000000000000017,
      7.548990980560454,
      7.373375351927052,
      0.0
    ],
    [
      0.3900000000000002,
      7.528678685717123,
      7.368089285665734,
      0.0
    ],
    [
      0.4000000000000002,
      7.507693889666649,
      7.3626152801732605,
      0.0
    ],
    [
      0.4100000000000002,
      7.486045579828263,
      7.356954560133411,
      0.0
    ],
    [
      0.4200000000000002,
      7.463743630478707,
      7.351108563031913,
      0.0
    ],
    [
      0.4300000000000002,
      7.440798771660379,
      7.345078932612737,
      0.0
    ],
    [
      0.4400000000000002,
      7.417222558089472,
      7.3388675123343905,
      0.0
    ],
    [
      0.45000000000000023,
      7.3930273380641065,
      7.332476338826204,
      0.0
    ],
    [
      0.46000000000000024,
      7.368226222372476,
      7.32590763534463,
      0.0
    ],
    [
      0.47000000000000025,
      7.342833053200982,
      7.3191638052295325,
      0.0
    ],
    [
      0.48000000000000026,
      7.316862373042375,
      7.3122474253604794,
      0.0
    ],
    [
      0.49000000000000027,
      7.2903293936038915,
      7.305161239613035,
      0.0
    ],
    [
      0.5000000000000002,
      7.263249964715395,
      7.2979081523150535,
      0.0
    ],
    [
      0.5100000000000002,
      7.235640543237512,
      7.290491221702968,
      0.0
    ],
    [
      0.5200000000000002,
      7.207518161969775,
      7.282913653378087,
      0.0
    ],
    [
      0.5300000000000002,
      7.178900398558756,
      7.275178793762885,
      0.0
    ],
    [
      0.5400000000000003,
      7.149805344406212,
      7.267290123557295,
      0.0
    ],
    [
      0.5500000000000003,
      7.120251573577215,
      7.259251251195,
      0.0
    ],
    [
      0.5600000000000003,
      7.0902581117083,
      7.251065906299725,
      0.0
    ],
    [
      0.5700000000000003,
      7.0598444049156,
      7.242737933141532,
      0.0
    ],
    [
      0.5800000000000003,
      7.029030288702982,
      7.234271284093112,
      0.0
    ],
    [
      0.5900000000000003,
      6.99783595687019,
      7.225670013086074,
      0.0
    ],
    [
      0.6000000000000003,
      6.966281930420984,
      7.2169382690672395,
      0.0
    ],
    [
      0.6100000000000003,
      6.934389026471274,
      7.208080289454935,
      0.0
    ],
    [
      0.6200000000000003,
      6.902178327157265,
      7.1991003935952875,
      0.0
    ],
    [
      0.6300000000000003,
      6.869671148543592,
      7.1900029762185085,
      0.0
    ],
    [
      0.6400000000000003,
      6.836889009531458,
      7.180792500895195,
      0.0
    ],
    [
      0.6500000000000004,
      6.803853600766778,
      7.171473493492616,
      0.0
    ],
    [
      0.6600000000000004,
      6.770586753548312,
      7.1620505356310105,
      0.0
    ],
    [
      0.6700000000000004,
      6.737110408735809,
      7.152528258139872,
      0.0
    ],
    [
      0.6800000000000004,
      6.703446585658141,
      7.142911334514251,
      0.0
    ],
    [
      0.6900000000000004,
      6.669617351021445,
      7.133204474371037,
      0.0
    ],
    [
      0.7000000000000004,
      6.63564478781726,
      7.123412416905257,
      0.0
    ],
    [
      0.7100000000000004,
      6.60155096423067,
      7.113539924346369,
      0.0
    ],
    [
      0.7200000000000004,
      6.567357902548436,
      7.1035917754145474,
      0.0
    ],
    [
      0.7300000000000004,
      6.533087548067142,
      7.093572758776984,
