{
  "meta_data": {
    "path_name": "6PiecePart7",
    "sample_rate": 0.01
  },
  "commands": [],
  "key_points": [
    {
      "index": 0,
      "delta_time": 0.0,
      "time": 0.0,
      "x": 8.68,
      "y": 5.9,
      "angle": 0.0,
      "velocity_magnitude": 0,
      "velocity_theta": 0,
      "angular_velocity": 0
    },
    {
      "index": 1,
      "delta_time": 1.2,
      "time": 1.2,
      "x": 10.63,
      "y": 6.507799720279719,
      "angle": -0.17453292519943275,
      "velocity_magnitude": 0,
      "velocity_theta": 0,
      "angular_velocity": 0
    }
  ],
  "sampled_points": [
    [
      0,
      8.68,
      5.9,
      0.0
    ],
    [
      0.01,
      8.680011144133392,
      5.900003473539056,
      -9.97445230556158e-07
    ],
    [
      0.02,
      8.68008803587963,
      5.9000274400938535,
      -7.879569022704918e-06
    ],
    [
      0.03,
      8.680293375976563,
      5.900091442993073,
      -2.6258342242414765e-05
    ],
    [
      0.04,
      8.680686592592592,
      5.900214005531141,
      -6.145282748998384e-05
    ],
    [
      0.05,
      8.68132389775029,
      5.900412648555029,
      -0.00011849422924255153
    ],
    [
      0.060000000000000005,
      8.68225834375,
      5.9007039080510495,
      -0.0002021309439966099
    ],
    [
      0.07,
      8.68353987959346,
      5.901103352731656,
      -0.0003168336104105154
    ],
    [
      0.08,
      8.685215407407407,
      5.90162560162224,
      -0.0004668001594470003
    ],
    [
      0.09,
      8.687328838867188,
      5.902284341647924,
      -0.0006559608645156845
    ],
    [
      0.09999999999999999,
      8.68992115162037,
      5.903092345220366,
      -0.0008879833916155866
    ],
    [
      0.10999999999999999,
      8.69303044571036,
      5.904061487824553,
      -0.0011662778494776359
    ],
    [
      0.11999999999999998,
      8.696692,
      5.905202765605595,
      -0.0014940018397071842
    ],
    [
      0.12999999999999998,
      8.700938328595196,
      5.906526312955531,
      -0.0018740655069265162
    ],
    [
      0.13999999999999999,
      8.705799237268518,
      5.908041420100122,
      -0.002309136588917363
    ],
    [
      0.15,
      8.711301879882813,
      5.909756550685643,
      -0.002801645466763411
    ],
    [
      0.16,
      8.717470814814815,
      5.911679359365691,
      -0.0033537902149928162
    ],
    [
      0.17,
      8.724328061378761,
      5.9138167093879765,
      -0.0039675416517207145
    ],
    [
      0.18000000000000002,
      8.73189315625,
      5.916174690181119,
      -0.004644648388791731
    ],
    [
      0.19000000000000003,
      8.7401832098886,
      5.91875863494145,
      -0.005386641881922497
    ],
    [
      0.20000000000000004,
      8.749212962962964,
      5.921573138219806,
      -0.006194841480844157
    ],
    [
      0.21000000000000005,
      8.758994842773438,
      5.924622073508327,
      -0.007070359479444879
    ],
    [
      0.22000000000000006,
      8.769539019675927,
      5.927908610827256,
      -0.008014106165912378
    ],
    [
      0.23000000000000007,
      8.7808534635055,
      5.931435234311735,
      -0.0090267948728764
    ],
    [
      0.24000000000000007,
      8.792944,
      5.935203759798602,
      -0.010108947027551276
    ],
    [
      0.25000000000000006,
      8.80581436722367,
      5.939215352413188,
      -0.011260897201878384
    ],
    [
      0.26000000000000006,
      8.819466271990741,
      5.943470544156118,
      -0.012482798162668712
    ],
    [
      0.2700000000000001,
      8.833899446289063,
      5.947969251490101,
      -0.013774625921745323
    ],
    [
      0.2800000000000001,
      8.849111703703706,
      5.952710792926738,
      -0.015136184786085891
    ],
    [
      0.2900000000000001,
      8.865098995840569,
      5.9576939066133106,
      -0.016567112407965216
    ],
    [
      0.3000000000000001,
      8.881855468750002,
      5.962916767919581,
      -0.01806688483509773
    ],
    [
      0.3100000000000001,
      8.899373519350407,
      5.968377007024593,
      -0.019634821560779996
    ],
    [
      0.3200000000000001,
      8.917643851851855,
      5.974071726503463,
      -0.021270090574033222
    ],
    [
      0.3300000000000001,
      8.936655534179689,
      5.979997518914184,
      -0.022971713409745808
    ],
    [
      0.34000000000000014,
      8.95639605439815,
      5.986150484384418,
      -0.024738570198815812
    ],
    [
      0.35000000000000014,
      8.976851377133972,
      5.992526248198297,
      -0.026569404718293485
    ],
    [
      0.36000000000000015,
      8.998006000000002,
      5.999119978383218,
      -0.02846282944152378
    ],
    [
      0.37000000000000016,
      9.01984301001881,
      6.005926403296642,
      -0.030417330588288844
    ],
    [
      0.38000000000000017,
      9.0423441400463,
      6.0129398292128915,
      -0.03243127317495058
    ],
    [
      0.3900000000000002,
      9.065489825195316,
      6.0201541579099445,
      -0.034502906064593095
    ],
    [
      0.4000000000000002,
      9.089259259259263,
      6.027562904256239,
      -0.03663036701716525
    ],
    [
      0.4100000000000002,
      9.113630451135709,
      6.0351592137974635,
      -0.03881168773962316
    ],
    [
      0.4200000000000002,
      9.138580281250004,
      6.042935880343358,
      -0.041044798936072734
    ],
    [
      0.4300000000000002,
      9.164084557978882,
      6.050885363554511,
      -0.043327535357912124
    ],
    [
      0.4400000000000002,
      9.190118074074078,
      6.058999806529156,
      -0.045657640853974286
    ],
    [
      0.45000000000000023,
      9.216654663085942,
      6.067271053389971,
      -0.048032773420669514
    ],
    [
      0.46000000000000024,
      9.243667255787042,
      6.075690666870873,
      -0.050450510252127864
    ],
    [
      0.47000000000000025,
      9.27112793659578,
      6.084249945903817,
      -0.05290835279034175
    ],
    [
      0.48000000000000026,
      9.299008000000004,
      6.092939943205597,
      -0.055403731775308405
    ],
    [
      0.49000000000000027,
      9.327278006980618,
      6.101751482864634,
      -0.057934012295172456
    ],
    [
      0.5000000000000002,
      9.35590784143519,
      6.110675177927784,
      -0.06049649883636831
    ],
    [
      0.5100000000000002,
      9.384866766601567,
      6.119701447987131,
      -0.06308844033376283
    ],
    [
      0.5200000000000002,
      9.414123481481486,
      6.128820536766781,
      -0.06570703522079774
    ],
    [
      0.5300000000000002,
      9.443646177264183,
      6.138022529709667,
      -0.06834943647963213
    ],
    [
      0.5400000000000003,
      9.473402593750006,
      6.147297371564338,
      -0.07101275669128501
    ],
    [
      0.5500000000000003,
      9.503360075774022,
      6.156634883971765,
      -0.07369407308577783
    ],
    [
      0.5600000000000003,
      9.533485629629634,
      6.166024783052131,
      -0.07639043259227694
    ],
    [
      0.5700000000000003,
      9.563745979492193,
      6.175456696991633,
      -0.07909885688923618
    ],
    [
      0.5800000000000003,
      9.594107623842598,
      6.184920183629279,
      -0.0818163474545393
    ],
    [
      0.5900000000000003,
      9.624536891890921,
      6.194404748043683,
      -0.08453989061564249
    ],
    [
      0.6000000000000003,
      9.655000000000006,
      6.203899860139863,
      -0.08726646259971702
    ],
    [
      0.6100000000000003,
      9.685463108109092,
      6.213394972236045,
      -0.08999303458379156
    ],
    [
      0.6200000000000003,
      9.715892376157413,
      6.2228795366504475,
      -0.09271657774489472
    ],
    [
      0.6300000000000003,
      9.746254020507818,
      6.232343023288093,
      -0.09543406831019784
    ],
    [
      0.6400000000000003,
      9.776514370370377,
      6.2417749372275955,
      -0.09814249260715706
    ],
    [
