{
  "meta_data": {
    "path_name": "6PiecePart6",
    "sample_rate": 0.01
  },
  "commands": [
    
  ],
  "key_points": [
    {
      "index": 0,
      "delta_time": 0.0,
      "time": 0.0,
      "x": 6.0,
      "y": 6.56,
      "angle": 0.17453292519943295,
      "velocity_magnitude": 0,
      "velocity_theta": 0,
      "angular_velocity": 0
    },
    {
      "index": 1,
      "delta_time": 0.6,
      "time": 0.6,
      "x": 6.9864843125,
      "y": 5.9,
      "angle": 0.0,
      "velocity_magnitude": 1.715553846429776,
      "velocity_theta": -0.32635881670676226,
      "angular_velocity": 0
    },
    {
      "index": 2,
      "delta_time": 0.6,
      "time": 1.2,
      "x": 7.95,
      "y": 5.9,
      "angle": 0.0,
      "velocity_magnitude": 0,
      "velocity_theta": 0,
      "angular_velocity": 0
    }
  ],
  "sampled_points": [
    [
      0,
      6.0,
      6.56,
      0.17453292519943295
    ],
    [
      0.01,
      6.000027003720775,
      6.559976137384258,
      0.17452504563041024
    ],
    [
      0.02,
      6.000211201019661,
      6.559813692592592,
      0.17447147237194296
    ],
    [
      0.03,
      6.000696714331914,
      6.559386509375,
      0.17433079425543635
    ],
    [
      0.04,
      6.001613826684691,
      6.55858157037037,
      0.17406612503998597
    ],
    [
      0.05,
      6.003079443719558,
      6.557298538773148,
      0.1736449418078174
    ],
    [
      0.060000000000000005,
      6.005197555715,
      6.555449299999999,
      0.1730389233597258
    ],
    [
      0.07,
      6.008059699608937,
      6.552957503356481,
      0.17222378861051563
    ],
    [
      0.08,
      6.011745421021234,
      6.549758103703703,
      0.17117913498444018
    ],
    [
      0.09,
      6.016322736276211,
      6.545796903125,
      0.16988827681064128
    ],
    [
      0.09999999999999999,
      6.021848594425155,
      6.541030092592592,
      0.16833808371858885
    ],
    [
      0.10999999999999999,
      6.028369339268831,
      6.5354237936342585,
      0.16651881903352064
    ],
    [
      0.11999999999999998,
      6.03592117138,
      6.5289535999999995,
      0.16442397817188176
    ],
    [
      0.12999999999999998,
      6.0445306101259195,
      6.521604119328703,
      0.16205012703676433
    ],
    [
      0.13999999999999999,
      6.054214955690864,
      6.513368514814815,
      0.15939674041334714
    ],
    [
      0.15,
      6.064982751098633,
      6.5042480468749995,
      0.1564660403643353
    ],
    [
      0.16,
      6.076834244235062,
      6.494251614814814,
      0.15326283462539983
    ],
    [
      0.17,
      6.089761849870536,
      6.4833952984953696,
      0.14979435500061725
    ],
    [
      0.18000000000000002,
      6.103750611682501,
      6.471701899999999,
      0.1460700957579093
    ],
    [
      0.19000000000000003,
      6.118778664277972,
      6.459200485300926,
      0.1421016520244825
    ],
    [
      0.20000000000000004,
      6.13481769521605,
      6.445925925925925,
      0.13790255818226785
    ],
    [
      0.21000000000000005,
      6.151833407030431,
      6.431918440624999,
      0.13348812626336037
    ],
    [
      0.22000000000000006,
      6.169785979251914,
      6.417223137037037,
      0.1288752843454588
    ],
    [
      0.23000000000000007,
      6.188630530430921,
      6.401889553356481,
      0.12408241494730524
    ],
    [
      0.24000000000000007,
      6.208317580160001,
      6.385971199999999,
      0.1191291934241247
    ],
    [
      0.25000000000000006,
      6.2287935110963435,
      6.3695251012731475,
      0.1140364263630648
    ],
    [
      0.26000000000000006,
      6.250001030984292,
      6.352611337037036,
      0.10882588997863538
    ],
    [
      0.2700000000000001,
      6.271879634677853,
      6.335292584375,
      0.1035201685081481
    ],
    [
      0.2800000000000001,
      6.294366066163211,
      6.317633659259259,
      0.09814249260715614
    ],
    [
      0.2900000000000001,
      6.317394780581238,
      6.299701058217592,
      0.09271657774489382
    ],
    [
      0.3000000000000001,
      6.340898406250002,
      6.2815625,
      0.0872664625997161
    ],
    [
      0.3100000000000001,
      6.364808206687284,
      6.26328646724537,
      0.08181634745453839
    ],
    [
      0.3200000000000001,
      6.3890545426330885,
      6.244941748148148,
      0.07639043259227604
    ],
    [
      0.3300000000000001,
      6.41356733407215,
      6.2265969781249995,
      0.0710127566912841
    ],
    [
      0.34000000000000014,
      6.438276522256452,
      6.208320181481481,
      0.06570703522079686
    ],
    [
      0.35000000000000014,
      6.4631125317277345,
      6.190178313078704,
      0.06049649883636743
    ],
    [
      0.36000000000000015,
      6.488006732340002,
      6.1722368,
      0.055403731775307524
    ],
    [
      0.37000000000000016,
      6.512891901282044,
      6.154559083217593,
      0.050450510252127004
    ],
    [
      0.38000000000000017,
      6.537702685099941,
      6.13720615925926,
      0.045657640853973475
    ],
    [
      0.3900000000000002,
      6.562376061719573,
      6.120236121875001,
      0.04104479893607188
    ],
    [
      0.4000000000000002,
      6.5868518024691385,
      6.1037037037037045,
      0.036630367017164434
    ],
    [
      0.4100000000000002,
      6.611072934101661,
      6.087659817939816,
      0.032431273174949815
    ],
    [
      0.4200000000000002,
      6.634986200817503,
      6.072151100000001,
      0.028462829441523063
    ],
    [
      0.4300000000000002,
      6.658542526286874,
      6.057219449189817,
      0.02473857019881509
    ],
    [
      0.4400000000000002,
      6.681697475672348,
      6.042901570370372,
      0.02127009057403259
    ],
    [
      0.45000000000000023,
      6.70441171765137,
      6.029228515625002,
      0.018066884835097136
    ],
    [
      0.46000000000000024,
      6.726651486438768,
      6.016225225925928,
      0.01513618478608525
    ],
    [
      0.47000000000000025,
      6.748389043809269,
      6.003910072800929,
      0.012482798162668118
    ],
    [
      0.48000000000000026,
      6.769603141120003,
      5.992294400000003,
      0.010108947027550802
    ],
    [
      0.49000000000000027,
      6.790279481333023,
      5.981382065162041,
      0.008014106165911888
    ],
    [
      0.5000000000000002,
      6.810411181037811,
      5.971168981481486,
      0.006194841480843649
    ],
    [
      0.5100000000000002,
      6.829999232473792,
      5.961642659375005,
      0.004644648388791306
    ],
    [
      0.5200000000000002,
      6.8490529655528425,
      5.952781748148153,
      0.003353790214992519
    ],
    [
      0.5300000000000002,
      6.867590509881806,
      5.944555577662042,
      0.0023091365889170157
    ],
    [
      0.5400000000000003,
      6.885639256785002,
      5.936923700000006,
      0.0014940018397067711
    ],
    [
      0.5500000000000003,
      6.903236321326741,
      5.929835431134266,
      0.0008879833916153324
    ],
    [
      0.5600000000000003,
      6.92042900433383,
      5.9232293925926,
      0.0004668001594468896
    ],
    [
      0.5700000000000003,
      6.937275254418088,
      5.9170330531250075,
      0.00020213094399645914
    ],
    [
      0.5800000000000003,
      6.95384412999886,
      5.911162270370379,
      6.145282748964975e-05
    ],
    [
      0.5900000000000003,
      6.970216261325524,
      5.905520832523157,
      7.879569022595234e-06
    ],
    [
      0.6000000000000003,
      6.986484312499856,
      5.899999999999925,
      0.0
    ],
    [
      0.6100000000000003,
      7.00275132671889,
      5.894508964236034,
      0.0
    ],
    [
      0.6200000000000003,
      7.019116407776474,
      5.889070114814736,
      0.0
    ],
    [
      0.6300000000000003,
      7.035666770042921,
      5.883731309374916,
      0.0
    ],
    [
      0.6400000000000003,
