{
  "meta_data": {
    "path_name": "6PiecePart7",
    "sample_rate": 0.01
  },
  "key_points": [
    {
      "index": 0,
      "delta_time": 0.0,
      "time": 0.0,
      "x": 7.95,
      "y": 5.9,
      "angle": 0.0,
      "velocity_magnitude": 0,
      "velocity_theta": 0,
      "angular_velocity": 0
    },
    {
      "index": 1,
      "delta_time": 0.8,
      "time": 0.8,
      "x": 6.1595127000000005,
      "y": 6.507799720279719,
      "angle": 0.0,
      "velocity_magnitude": 2.092984537349928,
      "velocity_theta": 3.0085690813353416,
      "angular_velocity": 0
    },
    {
      "index": 2,
      "delta_time": 0.7,
      "time": 1.5,
      "x": 4.8382592041666665,
      "y": 6.3163938461538445,
      "angle": 0.17453292519943295,
      "velocity_magnitude": 0,
      "velocity_theta": 0,
      "angular_velocity": 0
    }
  ],
  "sampled_points": [
    [
      0,
      7.95,
      5.9,
      0.0
    ],
    [
      0.01,
      7.949978365446321,
      5.900009952393184,
      0.0
    ],
    [
      0.02,
      7.94982985794335,
      5.900078163933073,
      0.0
    ],
    [
      0.03,
      7.949435579076886,
      5.900258941050531,
      0.0
    ],
    [
      0.04,
      7.948685138026405,
      5.900602377351563,
      0.0
    ],
    [
      0.05,
      7.947476440476004,
      5.901154462768982,
      0.0
    ],
    [
      0.060000000000000005,
      7.945715477525348,
      5.901957192714078,
      0.0
    ],
    [
      0.07,
      7.943316114600607,
      5.903048677228281,
      0.0
    ],
    [
      0.08,
      7.9401998803654,
      5.9044632501348255,
      0.0
    ],
    [
      0.09,
      7.936295755631742,
      5.9062315781904235,
      0.0
    ],
    [
      0.09999999999999999,
      7.931539962270983,
      5.908380770236925,
      0.0
    ],
    [
      0.10999999999999999,
      7.925875752124747,
      5.910934486352986,
      0.0
    ],
    [
      0.11999999999999998,
      7.919253195915881,
      5.913913047005734,
      0.0
    ],
    [
      0.12999999999999998,
      7.911628972159398,
      5.91733354220244,
      0.0
    ],
    [
      0.13999999999999999,
      7.902966156073411,
      5.921209940642172,
      0.0
    ],
    [
      0.15,
      7.893234008490086,
      5.925553198867478,
      0.0
    ],
    [
      0.16,
      7.882407764766578,
      5.9303713704160375,
      0.0
    ],
    [
      0.17,
      7.870468423695977,
      5.935669714972336,
      0.0
    ],
    [
      0.18000000000000002,
      7.857402536418247,
      5.941450807519331,
      0.0
    ],
    [
      0.19000000000000003,
      7.843201995331174,
      5.947714647490114,
      0.0
    ],
    [
      0.20000000000000004,
      7.8278638230013025,
      5.954458767919581,
      0.0
    ],
    [
      0.21000000000000005,
      7.811389961074884,
      5.961678344596095,
      0.0
    ],
    [
      0.22000000000000006,
      7.793787059188814,
      5.969366305213157,
      0.0
    ],
    [
      0.23000000000000007,
      7.77506626388158,
      5.977513438521069,
      0.0
    ],
    [
      0.24000000000000007,
      7.755243007504201,
      5.986108503478602,
      0.0
    ],
    [
      0.25000000000000006,
      7.734336797131168,
      5.995138338404658,
      0.0
    ],
    [
      0.26000000000000006,
      7.712371003471394,
      6.004587970129943,
      0.0
    ],
    [
      0.2700000000000001,
      7.689372649779147,
      6.01444072314863,
      0.0
    ],
    [
      0.2800000000000001,
      7.665372200765002,
      6.024678328770023,
      0.0
    ],
    [
      0.2900000000000001,
      7.640403351506776,
      6.035281034270228,
      0.0
    ],
    [
      0.3000000000000001,
      7.614502816360474,
      6.046227712043816,
      0.0
    ],
    [
      0.3100000000000001,
      7.587710117871236,
      6.057495968755489,
      0.0
    ],
    [
      0.3200000000000001,
      7.560067375684268,
      6.069062254491748,
      0.0
    ],
    [
      0.3300000000000001,
      7.531619095455796,
      6.080901971912562,
      0.0
    ],
    [
      0.34000000000000014,
      7.502411957764005,
      6.092989585403026,
      0.0
    ],
    [
      0.35000000000000014,
      7.4724946070199785,
      6.105298730225036,
      0.0
    ],
    [
      0.36000000000000015,
      7.441917440378645,
      6.117802321668951,
      0.0
    ],
    [
      0.37000000000000016,
      7.410732396649719,
      6.130472664205259,
      0.0
    ],
    [
      0.38000000000000017,
      7.378992745208642,
      6.143281560636246,
      0.0
    ],
    [
      0.3900000000000002,
      7.346752874907531,
      6.156200421247658,
      0.0
    ],
    [
      0.4000000000000002,
      7.314068082986113,
      6.169200372960373,
      0.0
    ],
    [
      0.4100000000000002,
      7.280994363982674,
      6.182252368482062,
      0.0
    ],
    [
      0.4200000000000002,
      7.2475881986449995,
      6.195327295458859,
      0.0
    ],
    [
      0.4300000000000002,
      7.213906342841315,
      6.208396085627025,
      0.0
    ],
    [
      0.4400000000000002,
      7.180005616471234,
      6.221429823964615,
      0.0
    ],
    [
      0.45000000000000023,
      7.145942692376692,
      6.234399857843146,
      0.0
    ],
    [
      0.46000000000000024,
      7.1117738852529,
      6.247277906179258,
      0.0
    ],
    [
      0.47000000000000025,
      7.077554940559278,
      6.260036168586389,
      0.0
    ],
    [
      0.48000000000000026,
      7.043340823430402,
      6.272647434526434,
      0.0
    ],
    [
      0.49000000000000027,
      7.009185507586947,
      6.285085192461411,
      0.0
    ],
    [
      0.5000000000000002,
      6.975141764246626,
      6.297323739005135,
      0.0
    ],
    [
      0.5100000000000002,
      6.941260951035135,
      6.309338288074876,
      0.0
    ],
    [
      0.5200000000000002,
      6.907592800897099,
      6.32110508004303,
      0.0
    ],
    [
      0.5300000000000002,
      6.874185211007009,
      6.332601490888782,
      0.0
    ],
    [
      0.5400000000000003,
      6.8410840316801655,
      6.343806141349777,
      0.0
    ],
    [
      0.5500000000000003,
      6.808332855283624,
      6.35469900607378,
      0.0
    ],
    [
      0.5600000000000003,
      6.775972805147137,
      6.365261522770349,
      0.0
    ],
    [
      0.5700000000000003,
      6.744042324474094,
      6.375476701362497,
      0.0
    ],
    [
      0.5800000000000003,
      6.712576965252467,
      6.385329233138358,
      0.0
    ],
    [
      0.5900000000000003,
      6.681609177165751,
      6.394805599902856,
      0.0
    ],
    [
      0.6000000000000003,
      6.65116809650391,
      6.4038941831293705,
      0.0
    ],
    [
      0.6100000000000003,
      6.6212793350743135,
      6.412585373111401,
      0.0
    ],
    [
      0.6200000000000003,
      6.591964769112687,
      6.420871678114235,
      0.0
    ],
    [
      0.6300000000000003,
      6.563242328194047,
      6.428747833526614,
      0.0
    ],
    [
      0.6400000000000003,
      6.5351257841436485,
      6.436210911012401,
      0.0
    ],
    [
      0.6500000000000004,
      6.507624539947927,
      6.443260427662243,
      0.0
    ],
    [
      0.6600000000000004,
      6.480743418665441,
      6.44989845514524,
      0.0
    ],
    [
      0.6700000000000004,
      6.45448245233781,
      6.456129728860615,
      0.0
    ],
    [
      0.6800000000000004,
      6.428836670900665,
      6.46196175708937,
      0.0
    ],
    [
      0.6900000000000004,
      6.403795891094587,
      6.467404930145967,
      0.0
    ],
    [
      0.7000000000000004,
      6.379344505376049,
      6.472472629529976,
      0.0
    ],
    [
      0.7100000000000004,
      6.35546127082836,
      6.477181337077759,
      0.0
    ],
    [
      0.7200000000000004,
      6.332119098072605,
      6.481550744114127,
      0.0
    ],
    [
      0.7300000000000004,
      6.309284840178592,
