{
  "meta_data": {
    "path_name": "6PiecePart7",
    "sample_rate": 0.01
  },
  "key_points": [
    {
      "index": 0,
      "delta_time": 0.0,
      "time": 0.0,
      "x": 7.95,
      "y": 5.9,
      "angle": 0.0,
      "velocity_magnitude": 0,
      "velocity_theta": 0,
      "angular_velocity": 0
    },
    {
      "index": 1,
      "delta_time": 1.2,
      "time": 1.2,
      "x": 6.0,
      "y": 6.507799720279719,
      "angle": 0.17453292519943295,
      "velocity_magnitude": 0,
      "velocity_theta": 0,
      "angular_velocity": 0
    }
  ],
  "sampled_points": [
    [
      0,
      7.95,
      5.9,
      0.0
    ],
    [
      0.01,
      7.949988855866609,
      5.900003473539056,
      9.97445230556159e-07
    ],
    [
      0.02,
      7.94991196412037,
      5.9000274400938535,
      7.879569022704927e-06
    ],
    [
      0.03,
      7.949706624023437,
      5.900091442993073,
      2.625834224241479e-05
    ],
    [
      0.04,
      7.949313407407407,
      5.900214005531141,
      6.145282748998392e-05
    ],
    [
      0.05,
      7.948676102249711,
      5.900412648555029,
      0.00011849422924255167
    ],
    [
      0.060000000000000005,
      7.94774165625,
      5.9007039080510495,
      0.00020213094399661012
    ],
    [
      0.07,
      7.946460120406539,
      5.901103352731656,
      0.0003168336104105158
    ],
    [
      0.08,
      7.944784592592592,
      5.90162560162224,
      0.00046680015944700087
    ],
    [
      0.09,
      7.942671161132813,
      5.902284341647924,
      0.0006559608645156851
    ],
    [
      0.09999999999999999,
      7.940078848379629,
      5.903092345220366,
      0.0008879833916155877
    ],
    [
      0.10999999999999999,
      7.936969554289641,
      5.904061487824553,
      0.0011662778494776372
    ],
    [
      0.11999999999999998,
      7.933307999999999,
      5.905202765605595,
      0.0014940018397071857
    ],
    [
      0.12999999999999998,
      7.929061671404803,
      5.906526312955531,
      0.0018740655069265182
    ],
    [
      0.13999999999999999,
      7.924200762731481,
      5.908041420100122,
      0.0023091365889173652
    ],
    [
      0.15,
      7.918698120117187,
      5.909756550685643,
      0.002801645466763414
    ],
    [
      0.16,
      7.912529185185185,
      5.911679359365691,
      0.00335379021499282
    ],
    [
      0.17,
      7.9056719386212375,
      5.9138167093879765,
      0.003967541651720719
    ],
    [
      0.18000000000000002,
      7.898106843749999,
      5.916174690181119,
      0.004644648388791736
    ],
    [
      0.19000000000000003,
      7.8898167901114,
      5.91875863494145,
      0.005386641881922503
    ],
    [
      0.20000000000000004,
      7.880787037037036,
      5.921573138219806,
      0.006194841480844163
    ],
    [
      0.21000000000000005,
      7.871005157226562,
      5.924622073508327,
      0.0070703594794448875
    ],
    [
      0.22000000000000006,
      7.860460980324073,
      5.927908610827256,
      0.008014106165912385
    ],
    [
      0.23000000000000007,
      7.8491465364945014,
      5.931435234311735,
      0.009026794872876413
    ],
    [
      0.24000000000000007,
      7.837055999999999,
      5.935203759798602,
      0.010108947027551286
    ],
    [
      0.25000000000000006,
      7.82418563277633,
      5.939215352413188,
      0.011260897201878395
    ],
    [
      0.26000000000000006,
      7.810533728009258,
      5.943470544156118,
      0.012482798162668726
    ],
    [
      0.2700000000000001,
      7.796100553710936,
      5.947969251490101,
      0.013774625921745338
    ],
    [
      0.2800000000000001,
      7.780888296296295,
      5.952710792926738,
      0.015136184786085909
    ],
    [
      0.2900000000000001,
      7.764901004159431,
      5.9576939066133106,
      0.01656711240796524
    ],
    [
      0.3000000000000001,
      7.748144531249998,
      5.962916767919581,
      0.018066884835097753
    ],
    [
      0.3100000000000001,
      7.730626480649593,
      5.968377007024593,
      0.019634821560780013
    ],
    [
      0.3200000000000001,
      7.712356148148146,
      5.974071726503463,
      0.021270090574033243
    ],
    [
      0.3300000000000001,
      7.69334446582031,
      5.979997518914184,
      0.022971713409745836
    ],
    [
      0.34000000000000014,
      7.673603945601849,
      5.986150484384418,
      0.024738570198815837
    ],
    [
      0.35000000000000014,
      7.653148622866027,
      5.992526248198297,
      0.026569404718293516
    ],
    [
      0.36000000000000015,
      7.631993999999997,
      5.999119978383218,
      0.02846282944152381
    ],
    [
      0.37000000000000016,
      7.610156989981189,
      6.005926403296642,
      0.03041733058828888
    ],
    [
      0.38000000000000017,
      7.587655859953701,
      6.0129398292128915,
      0.03243127317495061
    ],
    [
      0.3900000000000002,
      7.564510174804684,
      6.0201541579099445,
      0.03450290606459313
    ],
    [
      0.4000000000000002,
      7.540740740740738,
      6.027562904256239,
      0.03663036701716529
    ],
    [
      0.4100000000000002,
      7.51636954886429,
      6.0351592137974635,
      0.0388116877396232
    ],
    [
      0.4200000000000002,
      7.491419718749996,
      6.042935880343358,
      0.04104479893607278
    ],
    [
      0.4300000000000002,
      7.465915442021119,
      6.050885363554511,
      0.043327535357912166
    ],
    [
      0.4400000000000002,
      7.439881925925922,
      6.058999806529156,
      0.04565764085397434
    ],
    [
      0.45000000000000023,
      7.413345336914058,
      6.067271053389971,
      0.048032773420669576
    ],
    [
      0.46000000000000024,
      7.386332744212958,
      6.075690666870873,
      0.05045051025212793
    ],
    [
      0.47000000000000025,
      7.35887206340422,
      6.084249945903817,
      0.052908352790341805
    ],
    [
      0.48000000000000026,
      7.330991999999995,
      6.092939943205597,
      0.05540373177530849
    ],
    [
      0.49000000000000027,
      7.302721993019382,
      6.101751482864634,
      0.057934012295172525
    ],
    [
      0.5000000000000002,
      7.27409215856481,
      6.110675177927784,
      0.06049649883636838
    ],
    [
      0.5100000000000002,
      7.245133233398432,
      6.119701447987131,
      0.06308844033376292
    ],
    [
      0.5200000000000002,
      7.215876518518513,
      6.128820536766781,
      0.06570703522079782
    ],
    [
      0.5300000000000002,
      7.186353822735817,
      6.138022529709667,
      0.0683494364796322
    ],
    [
      0.5400000000000003,
      7.156597406249995,
      6.147297371564338,
      0.07101275669128508
    ],
    [
      0.5500000000000003,
      7.126639924225978,
      6.156634883971765,
      0.07369407308577791
    ],
    [
      0.5600000000000003,
      7.096514370370365,
      6.166024783052131,
      0.07639043259227705
    ],
    [
      0.5700000000000003,
      7.066254020507807,
      6.175456696991633,
      0.07909885688923629
    ],
    [
      0.5800000000000003,
      7.035892376157402,
      6.184920183629279,
      0.08181634745453939
    ],
    [
      0.5900000000000003,
      7.00546310810908,
      6.194404748043683,
      0.08453989061564261
    ],
    [
      0.6000000000000003,
      6.974999999999994,
      6.203899860139863,
      0.08726646259971711
    ],
    [
      0.6100000000000003,
      6.944536891890908,
      6.213394972236045,
      0.08999303458379163
    ],
    [
      0.6200000000000003,
      6.914107623842586,
      6.2228795366504475,
      0.09271657774489486
    ],
    [
      0.6300000000000003,
      6.883745979492181,
      6.232343023288093,
      0.09543406831019795
    ],
    [
      0.6400000000000003,
      6.853485629629623,
      6.2417749372275955,
      0.09814249260715721
    ],
    [
      0.6500000000000004,
      6.82336007577401,
      6.251164836307962,
