{
  "meta_data": {
    "path_name": "6PiecePart6",
    "sample_rate": 0.01
  },
  "key_points": [
    {
      "index": 0,
      "delta_time": 0.0,
      "time": 0.0,
      "x": 4.94,
      "y": 6.53,
      "angle": 0.2617993877991494,
      "velocity_magnitude": 0,
      "velocity_theta": 0,
      "angular_velocity": 0
    },
    {
      "index": 1,
      "delta_time": 0.7,
      "time": 0.7,
      "x": 6.4,
      "y": 6.4,
      "angle": 0.0,
      "velocity_magnitude": 1.7843840443064418,
      "velocity_theta": -0.29863842851908123,
      "angular_velocity": 0
    },
    {
      "index": 2,
      "delta_time": 0.5,
      "time": 1.2,
      "x": 6.9864843125,
      "y": 5.9,
      "angle": 0.0,
      "velocity_magnitude": 1.4805906795365755,
      "velocity_theta": -0.3120421215625333,
      "angular_velocity": 0
    },
    {
      "index": 3,
      "delta_time": 0.6,
      "time": 1.7999999999999998,
      "x": 7.95,
      "y": 5.9,
      "angle": 0.0,
      "velocity_magnitude": 0,
      "velocity_theta": 0,
      "angular_velocity": 0
    }
  ],
  "sampled_points": [
    [
      0,
      4.94,
      6.53,
      0.2617993877991494
    ],
    [
      0.01,
      4.940028082938525,
      6.530000469892009,
      0.2617919177857971
    ],
    [
      0.02,
      4.940220224830934,
      6.530003556327721,
      0.2617409137134799
    ],
    [
      0.03,
      4.94072844465599,
      6.530011328489618,
      0.26160632761254066
    ],
    [
      0.04,
      4.941691963010218,
      6.53002527937169,
      0.2613518125625597
    ],
    [
      0.05,
      4.943237571857586,
      6.530046348805557,
      0.26094461053934825
    ],
    [
      0.060000000000000005,
      4.945480004279198,
      6.530074946486583,
      0.26035544026194096
    ],
    [
      0.07,
      4.948522304222969,
      6.530110975,
      0.25955838503958867
    ],
    [
      0.08,
      4.952456196253314,
      6.530153852847028,
      0.2585307806187514
    ],
    [
      0.09,
      4.957362455300831,
      6.530202537470995,
      0.2572531030300909
    ],
    [
      0.09999999999999999,
      4.963311276411987,
      6.530255548283454,
      0.2557088564354636
    ],
    [
      0.10999999999999999,
      4.970362644498798,
      6.5303109896903075,
      0.2538844609749133
    ],
    [
      0.11999999999999998,
      4.978566704088521,
      6.530366574117927,
      0.251769140613664
    ],
    [
      0.12999999999999998,
      4.987964129073328,
      6.530419645039269,
      0.24935481098911289
    ],
    [
      0.13999999999999999,
      4.99858649246,
      6.5304672,
      0.2466359672578227
    ],
    [
      0.15,
      5.0104566361196055,
      6.530505913644613,
      0.2436095719425149
    ],
    [
      0.16,
      5.023589040537186,
      6.530532160742548,
      0.24027494277906228
    ],
    [
      0.17,
      5.037990194561441,
      6.530542039214316,
      0.23663364056348188
    ],
    [
      0.18000000000000002,
      5.053658965154412,
      6.530531393157613,
      0.2326893569989276
    ],
    [
      0.19000000000000003,
      5.070586967141166,
      6.530495835873446,
      0.22844780254268318
    ],
    [
      0.20000000000000004,
      5.088758932959482,
      6.530430772892248,
      0.22391659425315483
    ],
    [
      0.21000000000000005,
      5.108153082409531,
      6.530331425,
      0.21910514363686415
    ],
    [
      0.22000000000000006,
      5.128741492403568,
      6.530192851264355,
      0.21402454449544084
    ],
    [
      0.23000000000000007,
      5.150490466715606,
      6.530009972060749,
      0.20868746077261557
    ],
    [
      0.24000000000000007,
      5.173360905731108,
      6.52977759209853,
      0.20310801440121262
    ],
    [
      0.25000000000000006,
      5.197308676196669,
      6.529490423447076,
      0.1973016731501429
    ],
    [
      0.26000000000000006,
      5.222284980969699,
      6.529143108561909,
      0.1912851384713965
    ],
    [
      0.2700000000000001,
      5.248236728768112,
      6.528730243310823,
      0.18507623334703566
    ],
    [
      0.2800000000000001,
      5.275106903920001,
      6.5282464000000004,
      0.17869379013618744
    ],
    [
      0.2900000000000001,
      5.3028349361133325,
      6.527686150400132,
      0.17215753842203668
    ],
    [
      0.3000000000000001,
      5.331357070145625,
      6.527044088772536,
      0.16548799285881857
    ],
    [
      0.3100000000000001,
      5.360606735673634,
      6.526314854895282,
      0.1587063410188116
    ],
    [
      0.3200000000000001,
      5.3905149169630375,
      6.525493157089309,
      0.15183433123933027
    ],
    [
      0.3300000000000001,
      5.421010522638121,
      6.5245737952445415,
      0.14489416046971798
    ],
    [
      0.34000000000000014,
      5.452020755431457,
      6.5235516838460175,
      0.13790836211833962
    ],
    [
      0.35000000000000014,
      5.483471481933595,
      6.522421875000001,
      0.13089969389957473
    ],
    [
      0.36000000000000015,
      5.515287602342744,
      6.521179581460107,
      0.12389102568080979
    ],
    [
      0.37000000000000016,
      5.547393420214456,
      6.519820199653418,
      0.11690522732943151
    ],
    [
      0.38000000000000017,
      5.579713012211309,
      6.518339332706611,
      0.1099650565598192
    ],
    [
      0.3900000000000002,
      5.612170597852594,
      6.516732813472066,
      0.10309304678033787
    ],
    [
      0.4000000000000002,
      5.644690909263999,
      6.514996727553996,
      0.09631139494033086
    ],
    [
      0.4100000000000002,
      5.677199560927291,
      6.513127436334564,
      0.08964184937711275
    ],
    [
      0.4200000000000002,
      5.709623419430002,
      6.511121600000001,
      0.08310559766296202
    ],
    [
      0.4300000000000002,
      5.7418909732151135,
      6.508976200566729,
      0.0767231544521138
    ],
    [
      0.4400000000000002,
      5.7739327023307405,
      6.5066885649074795,
      0.07051424932775296
    ],
    [
      0.45000000000000023,
      5.805681448179815,
      6.504256387777415,
      0.06449771464900664
    ],
    [
      0.46000000000000024,
      5.83707278326977,
      6.501677754840246,
      0.058691373397936814
    ],
    [
      0.47000000000000025,
      5.868045380962226,
      6.498951165694354,
      0.05311192702653386
    ],
    [
      0.48000000000000026,
      5.898541385222675,
      6.496075556898912,
      0.04777484330370865
    ],
    [
      0.49000000000000027,
      5.928506780370159,
      6.493050325000001,
      0.04269424416228543
    ],
    [
      0.5000000000000002,
      5.957891760826964,
      6.489875349556733,
      0.03788279354599461
    ],
    [
      0.5100000000000002,
      5.986651100868299,
      6.486551016167372,
      0.03335158525646634
    ],
    [
      0.5200000000000002,
      6.014744524371976,
      6.483078239495449,
      0.029110030800221898
    ],
    [
      0.5300000000000002,
      6.042137074568105,
      6.47945848629589,
      0.02516574723566764
    ],
    [
      0.5400000000000003,
      6.068799483788765,
      6.475693798441127,
      0.021524445020087074
    ],
    [
      0.5500000000000003,
      6.094708543217703,
      6.471786815947226,
      0.018189815856634567
    ],
    [
      0.5600000000000003,
      6.119847472640004,
      6.467740800000001,
      0.015163420541326855
    ],
    [
      0.5700000000000003,
      6.144206290191786,
      6.463559655981141,
      0.012444576810036578
    ],
    [
      0.5800000000000003,
      6.16778218210988,
      6.45924795649432,
      0.010030247185485286
    ],
    [
      0.5900000000000003,
      6.190579872481513,
      6.454810964391327,
      0.00791492682423628
    ],
    [
      0.6000000000000003,
      6.212611992993995,
      6.450254655798181,
      0.006090531363685925
    ],
    [
      0.6100000000000003,
      6.233899452684401,
      6.445585743141252,
