{
  "meta_data": {
    "path_name": "6PiecePart6",
    "sample_rate": 0.01
  },
  "commands": [],
  "key_points": [
    {
      "index": 0,
      "delta_time": 0,
      "time": 0.0,
      "x": 10.63,
      "y": 6.56,
      "angle": -0.17453292519943275,
      "velocity_magnitude": 0,
      "velocity_theta": 0,
      "angular_velocity": 0
    },
    {
      "index": 1,
      "delta_time": 0.6,
      "time": 0.6,
      "x": 9.64,
      "y": 5.9,
      "angle": 0.0,
      "velocity_magnitude": 1.7155538464297768,
      "velocity_theta": -2.815233836883031,
      "angular_velocity": 0
    },
    {
      "index": 2,
      "delta_time": 0.6,
      "time": 1.2,
      "x": 8.68,
      "y": 5.9,
      "angle": 0.0,
      "velocity_magnitude": 0,
      "velocity_theta": 0,
      "angular_velocity": 0
    }
  ],
  "sampled_points": [
    [
      0,
      10.63,
      6.56,
      -0.17453292519943275
    ],
    [
      0.01,
      10.62997283755787,
      6.559976137384258,
      -0.17452504563041005
    ],
    [
      0.02,
      10.629787561111112,
      6.559813692592592,
      -0.17447147237194277
    ],
    [
      0.03,
      10.6292992140625,
      6.559386509375,
      -0.17433079425543616
    ],
    [
      0.04,
      10.628376770370371,
      6.55858157037037,
      -0.17406612503998578
    ],
    [
      0.05,
      10.626902669270834,
      6.557298538773148,
      -0.1736449418078172
    ],
    [
      0.060000000000000005,
      10.62477235,
      6.555449299999999,
      -0.1730389233597256
    ],
    [
      0.07,
      10.621893786516205,
      6.552957503356481,
      -0.17222378861051543
    ],
    [
      0.08,
      10.618187022222223,
      6.549758103703703,
      -0.17117913498443998
    ],
    [
      0.09,
      10.613583704687501,
      6.545796903125,
      -0.1698882768106411
    ],
    [
      0.09999999999999999,
      10.60802662037037,
      6.541030092592592,
      -0.16833808371858866
    ],
    [
      0.10999999999999999,
      10.601469229340278,
      6.5354237936342585,
      -0.16651881903352045
    ],
    [
      0.11999999999999998,
      10.593875200000001,
      6.5289535999999995,
      -0.16442397817188156
    ],
    [
      0.12999999999999998,
      10.585217943807871,
      6.521604119328703,
      -0.16205012703676414
    ],
    [
      0.13999999999999999,
      10.57548015,
      6.513368514814815,
      -0.15939674041334698
    ],
    [
      0.15,
      10.5646533203125,
      6.5042480468749995,
      -0.15646604036433515
    ],
    [
      0.16,
      10.552737303703704,
      6.494251614814814,
      -0.15326283462539966
    ],
    [
      0.17,
      10.539739831076389,
      6.4833952984953696,
      -0.14979435500061708
    ],
    [
      0.18000000000000002,
      10.52567605,
      6.471701899999999,
      -0.14607009575790914
    ],
    [
      0.19000000000000003,
      10.51056805943287,
      6.459200485300926,
      -0.14210165202448233
    ],
    [
      0.20000000000000004,
      10.494444444444445,
      6.445925925925925,
      -0.13790255818226768
    ],
    [
      0.21000000000000005,
      10.4773398109375,
      6.431918440624999,
      -0.1334881262633602
    ],
    [
      0.22000000000000006,
      10.45929432037037,
      6.417223137037037,
      -0.12887528434545867
    ],
    [
      0.23000000000000007,
      10.440353224479166,
      6.401889553356481,
      -0.1240824149473051
    ],
    [
      0.24000000000000007,
      10.4205664,
      6.385971199999999,
      -0.11912919342412456
    ],
    [
      0.25000000000000006,
      10.399987883391203,
      6.3695251012731475,
      -0.11403642636306467
    ],
    [
      0.26000000000000006,
      10.378675405555555,
      6.352611337037036,
      -0.10882588997863525
    ],
    [
      0.2700000000000001,
      10.356689926562499,
      6.335292584375,
      -0.103520168508148
    ],
    [
      0.2800000000000001,
      10.33409517037037,
      6.317633659259259,
      -0.09814249260715607
    ],
    [
      0.2900000000000001,
      10.310957159548611,
      6.299701058217592,
      -0.0927165777448937
    ],
    [
      0.3000000000000001,
      10.28734375,
      6.2815625,
      -0.087266462599716
    ],
    [
      0.3100000000000001,
      10.263324165682869,
      6.26328646724537,
      -0.0818163474545383
    ],
    [
      0.3200000000000001,
      10.238968533333331,
      6.244941748148148,
      -0.07639043259227599
    ],
    [
      0.3300000000000001,
      10.214347417187499,
      6.2265969781249995,
      -0.07101275669128404
    ],
    [
      0.34000000000000014,
      10.189531353703702,
      6.208320181481481,
      -0.06570703522079677
    ],
    [
      0.35000000000000014,
      10.16459038628472,
      6.190178313078704,
      -0.06049649883636739
    ],
    [
      0.36000000000000015,
      10.139593599999998,
      6.1722368,
      -0.05540373177530751
    ],
    [
      0.37000000000000016,
      10.114608656307867,
      6.154559083217593,
      -0.05045051025212695
    ],
    [
      0.38000000000000017,
      10.089701327777775,
      6.13720615925926,
      -0.04565764085397339
    ],
    [
      0.3900000000000002,
      10.064935032812498,
      6.120236121875001,
      -0.04104479893607188
    ],
    [
      0.4000000000000002,
      10.040370370370367,
      6.1037037037037045,
      -0.03663036701716446
    ],
    [
      0.4100000000000002,
      10.016064654687497,
      6.087659817939816,
      -0.03243127317494979
    ],
    [
      0.4200000000000002,
      9.992071449999997,
      6.072151100000001,
      -0.028462829441523008
    ],
    [
      0.4300000000000002,
      9.9684401052662,
      6.057219449189817,
      -0.02473857019881509
    ],
    [
      0.4400000000000002,
      9.945215288888885,
      6.042901570370372,
      -0.02127009057403262
    ],
    [
      0.45000000000000023,
      9.922436523437495,
      6.029228515625002,
      -0.01806688483509708
    ],
    [
      0.46000000000000024,
      9.900137720370367,
      6.016225225925928,
      -0.015136184786085222
    ],
    [
      0.47000000000000025,
      9.87834671475694,
      6.003910072800929,
      -0.012482798162668118
    ],
    [
      0.48000000000000026,
      9.857084799999996,
      5.992294400000003,
      -0.010108947027550774
    ],
    [
      0.49000000000000027,
      9.836366262557865,
      5.981382065162041,
      -0.008014106165911916
    ],
    [
      0.5000000000000002,
      9.816197916666662,
      5.971168981481486,
      -0.006194841480843677
    ],
    [
      0.5100000000000002,
      9.796578639062494,
      5.961642659375005,
      -0.0046446483887913614
    ],
    [
      0.5200000000000002,
      9.777498903703698,
      5.952781748148153,
      -0.003353790214992436
    ],
    [
      0.5300000000000002,
      9.75894031649305,
      5.944555577662042,
      -0.0023091365889171267
    ],
    [
      0.5400000000000003,
      9.740875149999994,
      5.936923700000006,
      -0.0014940018397069932
    ],
    [
      0.5500000000000003,
      9.723265878182861,
      5.929835431134266,
      -0.0008879833916153046
    ],
    [
      0.5600000000000003,
      9.706064711111102,
      5.9232293925926,
      -0.0004668001594468063
    ],
    [
      0.5700000000000003,
      9.689213129687491,
      5.9170330531250075,
      -0.00020213094399659792
    ],
    [
      0.5800000000000003,
      9.672641420370361,
      5.911162270370379,
      -6.145282748981629e-05
    ],
    [
      0.5900000000000003,
      9.656268209895824,
      5.905520832523157,
      -7.879569022595234e-06
    ],
    [
      0.6000000000000003,
      9.640000000000047,
      5.900000000000061,
      0.0
    ],
    [
      0.6100000000000003,
      9.623733144502362,
      5.894508964236173,
      0.0
    ],
    [
      0.6200000000000003,
      9.60736914259264,
      5.889070114814877,
      0.0
    ],
    [
      0.6300000000000003,
      9.590821614062559,
      5.883731309375059,
      0.0
    ],
