{
  "meta_data": {
    "path_name": "AutoNoteFollowingTest",
    "sample_rate": 0.01
  },
  "commands": [],
  "key_points": [
    {
      "index": 0,
      "delta_time": 0.0,
      "time": 0.0,
      "x": 12.8,
      "y": 6.239831496503497,
      "angle": 0.0,
      "velocity_magnitude": 0,
      "velocity_theta": 0,
      "angular_velocity": 0
    },
    {
      "index": 1,
      "delta_time": 1.3,
      "time": 1.3,
      "x": 11.0,
      "y": 6.239831496503497,
      "angle": 0.0,
      "velocity_magnitude": 0,
      "velocity_theta": 0,
      "angular_velocity": 0
    }
  ],
  "sampled_points": [
    [
      0,
      12.8,
      6.239831496503497,
      0.0
    ],
    [
      0.01,
      12.79999190125319,
      6.239831496503497,
      0.0
    ],
    [
      0.02,
      12.799935959320537,
      6.239831496503497,
      0.0
    ],
    [
      0.03,
      12.799786375870271,
      6.239831496503497,
      0.0
    ],
    [
      0.04,
      12.799499551588639,
      6.239831496503497,
      0.0
    ],
    [
      0.05,
      12.79903405127487,
      6.239831496503497,
      0.0
    ],
    [
      0.060000000000000005,
      12.798350568936124,
      6.239831496503497,
      0.0
    ],
    [
      0.07,
      12.79741189288244,
      6.239831496503497,
      0.0
    ],
    [
      0.08,
      12.796182870821697,
      6.239831496503497,
      0.0
    ],
    [
      0.09,
      12.79463037495455,
      6.239831496503497,
      0.0
    ],
    [
      0.09999999999999999,
      12.792723267069404,
      6.239831496503497,
      0.0
    ],
    [
      0.10999999999999999,
      12.790432363637343,
      6.239831496503497,
      0.0
    ],
    [
      0.11999999999999998,
      12.787730400907101,
      6.239831496503497,
      0.0
    ],
    [
      0.12999999999999998,
      12.784592,
      6.239831496503497,
      0.0
    ],
    [
      0.13999999999999999,
      12.780993632004913,
      6.239831496503497,
      0.0
    ],
    [
      0.15,
      12.776913583073206,
      6.239831496503497,
      0.0
    ],
    [
      0.16,
      12.7723319195137,
      6.239831496503497,
      0.0
    ],
    [
      0.17,
      12.767230452887611,
      6.239831496503497,
      0.0
    ],
    [
      0.18000000000000002,
      12.761592705103517,
      6.239831496503497,
      0.0
    ],
    [
      0.19000000000000003,
      12.755403873512293,
      6.239831496503497,
      0.0
    ],
    [
      0.20000000000000004,
      12.74865079600208,
      6.239831496503497,
      0.0
    ],
    [
      0.21000000000000005,
      12.74132191609322,
      6.239831496503497,
      0.0
    ],
    [
      0.22000000000000006,
      12.733407248033224,
      6.239831496503497,
      0.0
    ],
    [
      0.23000000000000007,
      12.724898341891715,
      6.239831496503497,
      0.0
    ],
    [
      0.24000000000000007,
      12.715788248655375,
      6.239831496503497,
      0.0
    ],
    [
      0.25000000000000006,
      12.706071485322912,
      6.239831496503497,
      0.0
    ],
    [
      0.26000000000000006,
      12.695744,
      6.239831496503497,
      0.0
    ],
    [
      0.2700000000000001,
      12.684803136994233,
      6.239831496503497,
      0.0
    ],
    [
      0.2800000000000001,
      12.673247601910083,
      6.239831496503497,
      0.0
    ],
    [
      0.2900000000000001,
      12.661077426743839,
      6.239831496503497,
      0.0
    ],
    [
      0.3000000000000001,
      12.648293934978575,
      6.239831496503497,
      0.0
    ],
    [
      0.3100000000000001,
      12.634899706679091,
      6.239831496503497,
      0.0
    ],
    [
      0.3200000000000001,
      12.62089854358687,
      6.239831496503497,
      0.0
    ],
    [
      0.3300000000000001,
      12.606295434215028,
      6.239831496503497,
      0.0
    ],
    [
      0.34000000000000014,
      12.59109651894326,
      6.239831496503497,
      0.0
    ],
    [
      0.35000000000000014,
      12.57530905511281,
      6.239831496503497,
      0.0
    ],
    [
      0.36000000000000015,
      12.558941382121397,
      6.239831496503497,
      0.0
    ],
    [
      0.37000000000000016,
      12.542002886518194,
      6.239831496503497,
      0.0
    ],
    [
      0.38000000000000017,
      12.52450396709876,
      6.239831496503497,
      0.0
    ],
    [
      0.3900000000000002,
      12.506456,
      6.239831496503497,
      0.0
    ],
    [
      0.4000000000000002,
      12.487871303795115,
      6.239831496503497,
      0.0
    ],
    [
      0.4100000000000002,
      12.46876310458856,
      6.239831496503497,
      0.0
    ],
    [
      0.4200000000000002,
      12.449145501110982,
      6.239831496503497,
      0.0
    ],
    [
      0.4300000000000002,
      12.42903342981419,
      6.239831496503497,
      0.0
    ],
    [
      0.4400000000000002,
      12.40844262996609,
      6.239831496503497,
      0.0
    ],
    [
      0.45000000000000023,
      12.387389608745654,
      6.239831496503497,
      0.0
    ],
    [
      0.46000000000000024,
      12.365891606337852,
      6.239831496503497,
      0.0
    ],
    [
      0.47000000000000025,
      12.34396656102862,
      6.239831496503497,
      0.0
    ],
    [
      0.48000000000000026,
      12.321633074299811,
      6.239831496503497,
      0.0
    ],
    [
      0.49000000000000027,
      12.298910375924136,
      6.239831496503497,
      0.0
    ],
    [
      0.5000000000000002,
      12.275818289060123,
      6.239831496503497,
      0.0
    ],
    [
      0.5100000000000002,
      12.252377195347071,
      6.239831496503497,
      0.0
    ],
    [
      0.5200000000000002,
      12.228608,
      6.239831496503497,
      0.0
    ],
    [
      0.5300000000000002,
      12.2045320969046,
      6.239831496503497,
      0.0
    ],
    [
      0.5400000000000003,
      12.18017133371219,
      6.239831496503497,
      0.0
    ],
    [
      0.5500000000000003,
      12.155547976934658,
      6.239831496503497,
      0.0
    ],
    [
      0.5600000000000003,
      12.130684677039428,
      6.239831496503497,
      0.0
    ],
    [
      0.5700000000000003,
      12.105604433544396,
      6.239831496503497,
      0.0
    ],
    [
      0.5800000000000003,
      12.080330560112902,
      6.239831496503497,
      0.0
    ],
    [
      0.5900000000000003,
      12.05488664964866,
      6.239831496503497,
      0.0
    ],
    [
      0.6000000000000003,
      12.029296539390725,
      6.239831496503497,
      0.0
    ],
    [
      0.6100000000000003,
      12.003584276008436,
      6.239831496503497,
      0.0
    ],
    [
      0.6200000000000003,
      11.977774080696378,
      6.239831496503497,
      0.0
    ],
    [
      0.6300000000000003,
      11.951890314269324,
      6.239831496503497,
      0.0
    ],
    [
      0.6400000000000003,
      11.925957442257193,
      6.239831496503497,
      0.0
    ],
    [
      0.6500000000000004,
      11.9,
      6.239831496503497,
      0.0
    ],
    [
      0.6600000000000004,
      11.874042557742808,
      6.239831496503497,
      0.0
    ],
    [
      0.6700000000000004,
      11.848109685730677,
      6.239831496503497,
      0.0
    ],
    [
      0.6800000000000004,
      11.822225919303623,
      6.239831496503497,
      0.0
    ],
    [
      0.6900000000000004,
      11.796415723991565,
      6.239831496503497,
      0.0
    ],
    [
      0.7000000000000004,
      11.770703460609276,
      6.239831496503497,
      0.0
    ],
    [
      0.7100000000000004,
      11.74511335035134,
      6.239831496503497,
      0.0
    ],
    [
      0.7200000000000004,
      11.719669439887097,
      6.239831496503497,
      0.0
    ],
    [
      0.7300000000000004,
      11.694395566455603,
      6.239831496503497,
      0.0
    ],
    [
      0.7400000000000004,
      11.669315322960573,
      6.239831496503497,
      0.0
    ],
    [
      0.7500000000000004,
      11.644452023065343,
      6.239831496503497,
      0.0
    ],
    [
